"GeoUID","Date","DateString","Dwelling Type","Value","Survey","Series"
"24465",1990-02-01,"1990/Q1","Single",17,"Scss","Starts"
"24465",1990-02-01,"1990/Q1","Semi-Detached",2,"Scss","Starts"
"24465",1990-02-01,"1990/Q1","Row",0,"Scss","Starts"
"24465",1990-02-01,"1990/Q1","Apartment",14,"Scss","Starts"
"24465",1990-02-01,"1990/Q1","All",33,"Scss","Starts"
"24465",1990-05-01,"1990/Q2","Single",23,"Scss","Starts"
"24465",1990-05-01,"1990/Q2","Semi-Detached",0,"Scss","Starts"
"24465",1990-05-01,"1990/Q2","Row",0,"Scss","Starts"
"24465",1990-05-01,"1990/Q2","Apartment",18,"Scss","Starts"
"24465",1990-05-01,"1990/Q2","All",41,"Scss","Starts"
"24465",1990-08-01,"1990/Q3","Single",18,"Scss","Starts"
"24465",1990-08-01,"1990/Q3","Semi-Detached",0,"Scss","Starts"
"24465",1990-08-01,"1990/Q3","Row",0,"Scss","Starts"
"24465",1990-08-01,"1990/Q3","Apartment",6,"Scss","Starts"
"24465",1990-08-01,"1990/Q3","All",24,"Scss","Starts"
"24465",1990-11-01,"1990/Q4","Single",44,"Scss","Starts"
"24465",1990-11-01,"1990/Q4","Semi-Detached",12,"Scss","Starts"
"24465",1990-11-01,"1990/Q4","Row",0,"Scss","Starts"
"24465",1990-11-01,"1990/Q4","Apartment",42,"Scss","Starts"
"24465",1990-11-01,"1990/Q4","All",98,"Scss","Starts"
"24465",1991-02-01,"1991/Q1","Single",9,"Scss","Starts"
"24465",1991-02-01,"1991/Q1","Semi-Detached",12,"Scss","Starts"
"24465",1991-02-01,"1991/Q1","Row",0,"Scss","Starts"
"24465",1991-02-01,"1991/Q1","Apartment",48,"Scss","Starts"
"24465",1991-02-01,"1991/Q1","All",69,"Scss","Starts"
"24465",1991-05-01,"1991/Q2","Single",25,"Scss","Starts"
"24465",1991-05-01,"1991/Q2","Semi-Detached",6,"Scss","Starts"
"24465",1991-05-01,"1991/Q2","Row",0,"Scss","Starts"
"24465",1991-05-01,"1991/Q2","Apartment",20,"Scss","Starts"
"24465",1991-05-01,"1991/Q2","All",51,"Scss","Starts"
"24465",1991-08-01,"1991/Q3","Single",14,"Scss","Starts"
"24465",1991-08-01,"1991/Q3","Semi-Detached",2,"Scss","Starts"
"24465",1991-08-01,"1991/Q3","Row",0,"Scss","Starts"
"24465",1991-08-01,"1991/Q3","Apartment",7,"Scss","Starts"
"24465",1991-08-01,"1991/Q3","All",23,"Scss","Starts"
"24465",1991-11-01,"1991/Q4","Single",12,"Scss","Starts"
"24465",1991-11-01,"1991/Q4","Semi-Detached",20,"Scss","Starts"
"24465",1991-11-01,"1991/Q4","Row",0,"Scss","Starts"
"24465",1991-11-01,"1991/Q4","Apartment",73,"Scss","Starts"
"24465",1991-11-01,"1991/Q4","All",105,"Scss","Starts"
"24465",1992-02-01,"1992/Q1","Single",5,"Scss","Starts"
"24465",1992-02-01,"1992/Q1","Semi-Detached",8,"Scss","Starts"
"24465",1992-02-01,"1992/Q1","Row",8,"Scss","Starts"
"24465",1992-02-01,"1992/Q1","Apartment",70,"Scss","Starts"
"24465",1992-02-01,"1992/Q1","All",91,"Scss","Starts"
"24465",1992-05-01,"1992/Q2","Single",34,"Scss","Starts"
"24465",1992-05-01,"1992/Q2","Semi-Detached",18,"Scss","Starts"
"24465",1992-05-01,"1992/Q2","Row",0,"Scss","Starts"
"24465",1992-05-01,"1992/Q2","Apartment",11,"Scss","Starts"
"24465",1992-05-01,"1992/Q2","All",63,"Scss","Starts"
"24465",1992-08-01,"1992/Q3","Single",21,"Scss","Starts"
"24465",1992-08-01,"1992/Q3","Semi-Detached",4,"Scss","Starts"
"24465",1992-08-01,"1992/Q3","Row",4,"Scss","Starts"
"24465",1992-08-01,"1992/Q3","Apartment",0,"Scss","Starts"
"24465",1992-08-01,"1992/Q3","All",29,"Scss","Starts"
"24465",1992-11-01,"1992/Q4","Single",18,"Scss","Starts"
"24465",1992-11-01,"1992/Q4","Semi-Detached",10,"Scss","Starts"
"24465",1992-11-01,"1992/Q4","Row",0,"Scss","Starts"
"24465",1992-11-01,"1992/Q4","Apartment",22,"Scss","Starts"
"24465",1992-11-01,"1992/Q4","All",50,"Scss","Starts"
"24465",1993-02-01,"1993/Q1","Single",6,"Scss","Starts"
"24465",1993-02-01,"1993/Q1","Semi-Detached",0,"Scss","Starts"
"24465",1993-02-01,"1993/Q1","Row",0,"Scss","Starts"
"24465",1993-02-01,"1993/Q1","Apartment",0,"Scss","Starts"
"24465",1993-02-01,"1993/Q1","All",6,"Scss","Starts"
"24465",1993-05-01,"1993/Q2","Single",39,"Scss","Starts"
"24465",1993-05-01,"1993/Q2","Semi-Detached",12,"Scss","Starts"
"24465",1993-05-01,"1993/Q2","Row",0,"Scss","Starts"
"24465",1993-05-01,"1993/Q2","Apartment",6,"Scss","Starts"
"24465",1993-05-01,"1993/Q2","All",57,"Scss","Starts"
"24465",1993-08-01,"1993/Q3","Single",17,"Scss","Starts"
"24465",1993-08-01,"1993/Q3","Semi-Detached",2,"Scss","Starts"
"24465",1993-08-01,"1993/Q3","Row",10,"Scss","Starts"
"24465",1993-08-01,"1993/Q3","Apartment",0,"Scss","Starts"
"24465",1993-08-01,"1993/Q3","All",29,"Scss","Starts"
"24465",1993-11-01,"1993/Q4","Single",15,"Scss","Starts"
"24465",1993-11-01,"1993/Q4","Semi-Detached",4,"Scss","Starts"
"24465",1993-11-01,"1993/Q4","Row",0,"Scss","Starts"
"24465",1993-11-01,"1993/Q4","Apartment",4,"Scss","Starts"
"24465",1993-11-01,"1993/Q4","All",23,"Scss","Starts"
"24465",1994-02-01,"1994/Q1","Single",1,"Scss","Starts"
"24465",1994-02-01,"1994/Q1","Semi-Detached",0,"Scss","Starts"
"24465",1994-02-01,"1994/Q1","Row",0,"Scss","Starts"
"24465",1994-02-01,"1994/Q1","Apartment",0,"Scss","Starts"
"24465",1994-02-01,"1994/Q1","All",1,"Scss","Starts"
"24465",1994-05-01,"1994/Q2","Single",37,"Scss","Starts"
"24465",1994-05-01,"1994/Q2","Semi-Detached",8,"Scss","Starts"
"24465",1994-05-01,"1994/Q2","Row",5,"Scss","Starts"
"24465",1994-05-01,"1994/Q2","Apartment",0,"Scss","Starts"
"24465",1994-05-01,"1994/Q2","All",50,"Scss","Starts"
"24465",1994-08-01,"1994/Q3","Single",17,"Scss","Starts"
"24465",1994-08-01,"1994/Q3","Semi-Detached",3,"Scss","Starts"
"24465",1994-08-01,"1994/Q3","Row",0,"Scss","Starts"
"24465",1994-08-01,"1994/Q3","Apartment",0,"Scss","Starts"
"24465",1994-08-01,"1994/Q3","All",20,"Scss","Starts"
"24465",1994-11-01,"1994/Q4","Single",13,"Scss","Starts"
"24465",1994-11-01,"1994/Q4","Semi-Detached",4,"Scss","Starts"
"24465",1994-11-01,"1994/Q4","Row",8,"Scss","Starts"
"24465",1994-11-01,"1994/Q4","Apartment",4,"Scss","Starts"
"24465",1994-11-01,"1994/Q4","All",29,"Scss","Starts"
"24465",1995-02-01,"1995/Q1","Single",1,"Scss","Starts"
"24465",1995-02-01,"1995/Q1","Semi-Detached",0,"Scss","Starts"
"24465",1995-02-01,"1995/Q1","Row",0,"Scss","Starts"
"24465",1995-02-01,"1995/Q1","Apartment",0,"Scss","Starts"
"24465",1995-02-01,"1995/Q1","All",1,"Scss","Starts"
"24465",1995-05-01,"1995/Q2","Single",13,"Scss","Starts"
"24465",1995-05-01,"1995/Q2","Semi-Detached",6,"Scss","Starts"
"24465",1995-05-01,"1995/Q2","Row",0,"Scss","Starts"
"24465",1995-05-01,"1995/Q2","Apartment",4,"Scss","Starts"
"24465",1995-05-01,"1995/Q2","All",23,"Scss","Starts"
"24465",1995-08-01,"1995/Q3","Single",7,"Scss","Starts"
"24465",1995-08-01,"1995/Q3","Semi-Detached",2,"Scss","Starts"
"24465",1995-08-01,"1995/Q3","Row",0,"Scss","Starts"
"24465",1995-08-01,"1995/Q3","Apartment",0,"Scss","Starts"
"24465",1995-08-01,"1995/Q3","All",9,"Scss","Starts"
"24465",1995-11-01,"1995/Q4","Single",7,"Scss","Starts"
"24465",1995-11-01,"1995/Q4","Semi-Detached",4,"Scss","Starts"
"24465",1995-11-01,"1995/Q4","Row",0,"Scss","Starts"
"24465",1995-11-01,"1995/Q4","Apartment",0,"Scss","Starts"
"24465",1995-11-01,"1995/Q4","All",11,"Scss","Starts"
"24465",1996-02-01,"1996/Q1","Single",1,"Scss","Starts"
"24465",1996-02-01,"1996/Q1","Semi-Detached",0,"Scss","Starts"
"24465",1996-02-01,"1996/Q1","Row",0,"Scss","Starts"
"24465",1996-02-01,"1996/Q1","Apartment",0,"Scss","Starts"
"24465",1996-02-01,"1996/Q1","All",1,"Scss","Starts"
"24465",1996-05-01,"1996/Q2","Single",17,"Scss","Starts"
"24465",1996-05-01,"1996/Q2","Semi-Detached",6,"Scss","Starts"
"24465",1996-05-01,"1996/Q2","Row",4,"Scss","Starts"
"24465",1996-05-01,"1996/Q2","Apartment",2,"Scss","Starts"
"24465",1996-05-01,"1996/Q2","All",29,"Scss","Starts"
"24465",1996-08-01,"1996/Q3","Single",14,"Scss","Starts"
"24465",1996-08-01,"1996/Q3","Semi-Detached",0,"Scss","Starts"
"24465",1996-08-01,"1996/Q3","Row",0,"Scss","Starts"
"24465",1996-08-01,"1996/Q3","Apartment",6,"Scss","Starts"
"24465",1996-08-01,"1996/Q3","All",20,"Scss","Starts"
"24465",1996-11-01,"1996/Q4","Single",4,"Scss","Starts"
"24465",1996-11-01,"1996/Q4","Semi-Detached",0,"Scss","Starts"
"24465",1996-11-01,"1996/Q4","Row",0,"Scss","Starts"
"24465",1996-11-01,"1996/Q4","Apartment",0,"Scss","Starts"
"24465",1996-11-01,"1996/Q4","All",4,"Scss","Starts"
"24465",1997-02-01,"1997/Q1","Single",0,"Scss","Starts"
"24465",1997-02-01,"1997/Q1","Semi-Detached",0,"Scss","Starts"
"24465",1997-02-01,"1997/Q1","Row",4,"Scss","Starts"
"24465",1997-02-01,"1997/Q1","Apartment",2,"Scss","Starts"
"24465",1997-02-01,"1997/Q1","All",6,"Scss","Starts"
"24465",1997-05-01,"1997/Q2","Single",11,"Scss","Starts"
"24465",1997-05-01,"1997/Q2","Semi-Detached",4,"Scss","Starts"
"24465",1997-05-01,"1997/Q2","Row",0,"Scss","Starts"
"24465",1997-05-01,"1997/Q2","Apartment",0,"Scss","Starts"
"24465",1997-05-01,"1997/Q2","All",15,"Scss","Starts"
"24465",1997-08-01,"1997/Q3","Single",8,"Scss","Starts"
"24465",1997-08-01,"1997/Q3","Semi-Detached",2,"Scss","Starts"
"24465",1997-08-01,"1997/Q3","Row",0,"Scss","Starts"
"24465",1997-08-01,"1997/Q3","Apartment",2,"Scss","Starts"
"24465",1997-08-01,"1997/Q3","All",12,"Scss","Starts"
"24465",1997-11-01,"1997/Q4","Single",3,"Scss","Starts"
"24465",1997-11-01,"1997/Q4","Semi-Detached",2,"Scss","Starts"
"24465",1997-11-01,"1997/Q4","Row",0,"Scss","Starts"
"24465",1997-11-01,"1997/Q4","Apartment",4,"Scss","Starts"
"24465",1997-11-01,"1997/Q4","All",9,"Scss","Starts"
"24465",1998-02-01,"1998/Q1","Single",0,"Scss","Starts"
"24465",1998-02-01,"1998/Q1","Semi-Detached",0,"Scss","Starts"
"24465",1998-02-01,"1998/Q1","Row",0,"Scss","Starts"
"24465",1998-02-01,"1998/Q1","Apartment",0,"Scss","Starts"
"24465",1998-02-01,"1998/Q1","All",0,"Scss","Starts"
"24465",1998-05-01,"1998/Q2","Single",6,"Scss","Starts"
"24465",1998-05-01,"1998/Q2","Semi-Detached",0,"Scss","Starts"
"24465",1998-05-01,"1998/Q2","Row",0,"Scss","Starts"
"24465",1998-05-01,"1998/Q2","Apartment",2,"Scss","Starts"
"24465",1998-05-01,"1998/Q2","All",8,"Scss","Starts"
"24465",1998-08-01,"1998/Q3","Single",5,"Scss","Starts"
"24465",1998-08-01,"1998/Q3","Semi-Detached",0,"Scss","Starts"
"24465",1998-08-01,"1998/Q3","Row",0,"Scss","Starts"
"24465",1998-08-01,"1998/Q3","Apartment",0,"Scss","Starts"
"24465",1998-08-01,"1998/Q3","All",5,"Scss","Starts"
"24465",1998-11-01,"1998/Q4","Single",8,"Scss","Starts"
"24465",1998-11-01,"1998/Q4","Semi-Detached",0,"Scss","Starts"
"24465",1998-11-01,"1998/Q4","Row",0,"Scss","Starts"
"24465",1998-11-01,"1998/Q4","Apartment",6,"Scss","Starts"
"24465",1998-11-01,"1998/Q4","All",14,"Scss","Starts"
"24465",1999-02-01,"1999/Q1","Single",3,"Scss","Starts"
"24465",1999-02-01,"1999/Q1","Semi-Detached",0,"Scss","Starts"
"24465",1999-02-01,"1999/Q1","Row",0,"Scss","Starts"
"24465",1999-02-01,"1999/Q1","Apartment",0,"Scss","Starts"
"24465",1999-02-01,"1999/Q1","All",3,"Scss","Starts"
"24465",1999-05-01,"1999/Q2","Single",9,"Scss","Starts"
"24465",1999-05-01,"1999/Q2","Semi-Detached",0,"Scss","Starts"
"24465",1999-05-01,"1999/Q2","Row",0,"Scss","Starts"
"24465",1999-05-01,"1999/Q2","Apartment",3,"Scss","Starts"
"24465",1999-05-01,"1999/Q2","All",12,"Scss","Starts"
"24465",1999-08-01,"1999/Q3","Single",7,"Scss","Starts"
"24465",1999-08-01,"1999/Q3","Semi-Detached",0,"Scss","Starts"
"24465",1999-08-01,"1999/Q3","Row",0,"Scss","Starts"
"24465",1999-08-01,"1999/Q3","Apartment",0,"Scss","Starts"
"24465",1999-08-01,"1999/Q3","All",7,"Scss","Starts"
"24465",1999-11-01,"1999/Q4","Single",12,"Scss","Starts"
"24465",1999-11-01,"1999/Q4","Semi-Detached",0,"Scss","Starts"
"24465",1999-11-01,"1999/Q4","Row",0,"Scss","Starts"
"24465",1999-11-01,"1999/Q4","Apartment",3,"Scss","Starts"
"24465",1999-11-01,"1999/Q4","All",15,"Scss","Starts"
"24465",2000-02-01,"2000/Q1","Single",0,"Scss","Starts"
"24465",2000-02-01,"2000/Q1","Semi-Detached",0,"Scss","Starts"
"24465",2000-02-01,"2000/Q1","Row",0,"Scss","Starts"
"24465",2000-02-01,"2000/Q1","Apartment",0,"Scss","Starts"
"24465",2000-02-01,"2000/Q1","All",0,"Scss","Starts"
"24465",2000-05-01,"2000/Q2","Single",15,"Scss","Starts"
"24465",2000-05-01,"2000/Q2","Semi-Detached",0,"Scss","Starts"
"24465",2000-05-01,"2000/Q2","Row",0,"Scss","Starts"
"24465",2000-05-01,"2000/Q2","Apartment",0,"Scss","Starts"
"24465",2000-05-01,"2000/Q2","All",15,"Scss","Starts"
"24465",2000-08-01,"2000/Q3","Single",4,"Scss","Starts"
"24465",2000-08-01,"2000/Q3","Semi-Detached",2,"Scss","Starts"
"24465",2000-08-01,"2000/Q3","Row",0,"Scss","Starts"
"24465",2000-08-01,"2000/Q3","Apartment",4,"Scss","Starts"
"24465",2000-08-01,"2000/Q3","All",10,"Scss","Starts"
"24465",2000-11-01,"2000/Q4","Single",3,"Scss","Starts"
"24465",2000-11-01,"2000/Q4","Semi-Detached",0,"Scss","Starts"
"24465",2000-11-01,"2000/Q4","Row",0,"Scss","Starts"
"24465",2000-11-01,"2000/Q4","Apartment",2,"Scss","Starts"
"24465",2000-11-01,"2000/Q4","All",5,"Scss","Starts"
"24465",2001-02-01,"2001/Q1","Single",1,"Scss","Starts"
"24465",2001-02-01,"2001/Q1","Semi-Detached",0,"Scss","Starts"
"24465",2001-02-01,"2001/Q1","Row",0,"Scss","Starts"
"24465",2001-02-01,"2001/Q1","Apartment",0,"Scss","Starts"
"24465",2001-02-01,"2001/Q1","All",1,"Scss","Starts"
"24465",2001-05-01,"2001/Q2","Single",11,"Scss","Starts"
"24465",2001-05-01,"2001/Q2","Semi-Detached",0,"Scss","Starts"
"24465",2001-05-01,"2001/Q2","Row",0,"Scss","Starts"
"24465",2001-05-01,"2001/Q2","Apartment",0,"Scss","Starts"
"24465",2001-05-01,"2001/Q2","All",11,"Scss","Starts"
"24465",2001-08-01,"2001/Q3","Single",12,"Scss","Starts"
"24465",2001-08-01,"2001/Q3","Semi-Detached",2,"Scss","Starts"
"24465",2001-08-01,"2001/Q3","Row",0,"Scss","Starts"
"24465",2001-08-01,"2001/Q3","Apartment",4,"Scss","Starts"
"24465",2001-08-01,"2001/Q3","All",18,"Scss","Starts"
"24465",2001-11-01,"2001/Q4","Single",8,"Scss","Starts"
"24465",2001-11-01,"2001/Q4","Semi-Detached",0,"Scss","Starts"
"24465",2001-11-01,"2001/Q4","Row",0,"Scss","Starts"
"24465",2001-11-01,"2001/Q4","Apartment",0,"Scss","Starts"
"24465",2001-11-01,"2001/Q4","All",8,"Scss","Starts"
"24465",2002-02-01,"2002/Q1","Single",4,"Scss","Starts"
"24465",2002-02-01,"2002/Q1","Semi-Detached",0,"Scss","Starts"
"24465",2002-02-01,"2002/Q1","Row",0,"Scss","Starts"
"24465",2002-02-01,"2002/Q1","Apartment",8,"Scss","Starts"
"24465",2002-02-01,"2002/Q1","All",12,"Scss","Starts"
"24465",2002-05-01,"2002/Q2","Single",16,"Scss","Starts"
"24465",2002-05-01,"2002/Q2","Semi-Detached",0,"Scss","Starts"
"24465",2002-05-01,"2002/Q2","Row",0,"Scss","Starts"
"24465",2002-05-01,"2002/Q2","Apartment",2,"Scss","Starts"
"24465",2002-05-01,"2002/Q2","All",18,"Scss","Starts"
"24465",2002-08-01,"2002/Q3","Single",0,"Scss","Starts"
"24465",2002-08-01,"2002/Q3","Semi-Detached",0,"Scss","Starts"
"24465",2002-08-01,"2002/Q3","Row",0,"Scss","Starts"
"24465",2002-08-01,"2002/Q3","Apartment",0,"Scss","Starts"
"24465",2002-08-01,"2002/Q3","All",0,"Scss","Starts"
"24465",2002-11-01,"2002/Q4","Single",25,"Scss","Starts"
"24465",2002-11-01,"2002/Q4","Semi-Detached",8,"Scss","Starts"
"24465",2002-11-01,"2002/Q4","Row",0,"Scss","Starts"
"24465",2002-11-01,"2002/Q4","Apartment",6,"Scss","Starts"
"24465",2002-11-01,"2002/Q4","All",39,"Scss","Starts"
"24465",2003-02-01,"2003/Q1","Single",3,"Scss","Starts"
"24465",2003-02-01,"2003/Q1","Semi-Detached",0,"Scss","Starts"
"24465",2003-02-01,"2003/Q1","Row",0,"Scss","Starts"
"24465",2003-02-01,"2003/Q1","Apartment",0,"Scss","Starts"
"24465",2003-02-01,"2003/Q1","All",3,"Scss","Starts"
"24465",2003-05-01,"2003/Q2","Single",19,"Scss","Starts"
"24465",2003-05-01,"2003/Q2","Semi-Detached",2,"Scss","Starts"
"24465",2003-05-01,"2003/Q2","Row",0,"Scss","Starts"
"24465",2003-05-01,"2003/Q2","Apartment",10,"Scss","Starts"
"24465",2003-05-01,"2003/Q2","All",31,"Scss","Starts"
"24465",2003-08-01,"2003/Q3","Single",8,"Scss","Starts"
"24465",2003-08-01,"2003/Q3","Semi-Detached",0,"Scss","Starts"
"24465",2003-08-01,"2003/Q3","Row",0,"Scss","Starts"
"24465",2003-08-01,"2003/Q3","Apartment",0,"Scss","Starts"
"24465",2003-08-01,"2003/Q3","All",8,"Scss","Starts"
"24465",2003-11-01,"2003/Q4","Single",15,"Scss","Starts"
"24465",2003-11-01,"2003/Q4","Semi-Detached",4,"Scss","Starts"
"24465",2003-11-01,"2003/Q4","Row",0,"Scss","Starts"
"24465",2003-11-01,"2003/Q4","Apartment",0,"Scss","Starts"
"24465",2003-11-01,"2003/Q4","All",19,"Scss","Starts"
"24465",2004-02-01,"2004/Q1","Single",10,"Scss","Starts"
"24465",2004-02-01,"2004/Q1","Semi-Detached",0,"Scss","Starts"
"24465",2004-02-01,"2004/Q1","Row",4,"Scss","Starts"
"24465",2004-02-01,"2004/Q1","Apartment",0,"Scss","Starts"
"24465",2004-02-01,"2004/Q1","All",14,"Scss","Starts"
"24465",2004-05-01,"2004/Q2","Single",27,"Scss","Starts"
"24465",2004-05-01,"2004/Q2","Semi-Detached",0,"Scss","Starts"
"24465",2004-05-01,"2004/Q2","Row",0,"Scss","Starts"
"24465",2004-05-01,"2004/Q2","Apartment",33,"Scss","Starts"
"24465",2004-05-01,"2004/Q2","All",60,"Scss","Starts"
"24465",2004-08-01,"2004/Q3","Single",3,"Scss","Starts"
"24465",2004-08-01,"2004/Q3","Semi-Detached",0,"Scss","Starts"
"24465",2004-08-01,"2004/Q3","Row",0,"Scss","Starts"
"24465",2004-08-01,"2004/Q3","Apartment",0,"Scss","Starts"
"24465",2004-08-01,"2004/Q3","All",3,"Scss","Starts"
"24465",2004-11-01,"2004/Q4","Single",14,"Scss","Starts"
"24465",2004-11-01,"2004/Q4","Semi-Detached",2,"Scss","Starts"
"24465",2004-11-01,"2004/Q4","Row",0,"Scss","Starts"
"24465",2004-11-01,"2004/Q4","Apartment",101,"Scss","Starts"
"24465",2004-11-01,"2004/Q4","All",117,"Scss","Starts"
"24465",2005-02-01,"2005/Q1","Single",7,"Scss","Starts"
"24465",2005-02-01,"2005/Q1","Semi-Detached",2,"Scss","Starts"
"24465",2005-02-01,"2005/Q1","Row",0,"Scss","Starts"
"24465",2005-02-01,"2005/Q1","Apartment",0,"Scss","Starts"
"24465",2005-02-01,"2005/Q1","All",9,"Scss","Starts"
"24465",2005-05-01,"2005/Q2","Single",20,"Scss","Starts"
"24465",2005-05-01,"2005/Q2","Semi-Detached",4,"Scss","Starts"
"24465",2005-05-01,"2005/Q2","Row",0,"Scss","Starts"
"24465",2005-05-01,"2005/Q2","Apartment",9,"Scss","Starts"
"24465",2005-05-01,"2005/Q2","All",33,"Scss","Starts"
"24465",2005-08-01,"2005/Q3","Single",39,"Scss","Starts"
"24465",2005-08-01,"2005/Q3","Semi-Detached",4,"Scss","Starts"
"24465",2005-08-01,"2005/Q3","Row",0,"Scss","Starts"
"24465",2005-08-01,"2005/Q3","Apartment",14,"Scss","Starts"
"24465",2005-08-01,"2005/Q3","All",57,"Scss","Starts"
"24465",2005-11-01,"2005/Q4","Single",24,"Scss","Starts"
"24465",2005-11-01,"2005/Q4","Semi-Detached",2,"Scss","Starts"
"24465",2005-11-01,"2005/Q4","Row",7,"Scss","Starts"
"24465",2005-11-01,"2005/Q4","Apartment",6,"Scss","Starts"
"24465",2005-11-01,"2005/Q4","All",39,"Scss","Starts"
"24465",2006-02-01,"2006/Q1","Single",6,"Scss","Starts"
"24465",2006-02-01,"2006/Q1","Semi-Detached",0,"Scss","Starts"
"24465",2006-02-01,"2006/Q1","Row",0,"Scss","Starts"
"24465",2006-02-01,"2006/Q1","Apartment",19,"Scss","Starts"
"24465",2006-02-01,"2006/Q1","All",25,"Scss","Starts"
"24465",2006-05-01,"2006/Q2","Single",41,"Scss","Starts"
"24465",2006-05-01,"2006/Q2","Semi-Detached",0,"Scss","Starts"
"24465",2006-05-01,"2006/Q2","Row",0,"Scss","Starts"
"24465",2006-05-01,"2006/Q2","Apartment",12,"Scss","Starts"
"24465",2006-05-01,"2006/Q2","All",53,"Scss","Starts"
"24465",2006-08-01,"2006/Q3","Single",10,"Scss","Starts"
"24465",2006-08-01,"2006/Q3","Semi-Detached",2,"Scss","Starts"
"24465",2006-08-01,"2006/Q3","Row",0,"Scss","Starts"
"24465",2006-08-01,"2006/Q3","Apartment",9,"Scss","Starts"
"24465",2006-08-01,"2006/Q3","All",21,"Scss","Starts"
"24465",2006-11-01,"2006/Q4","Single",30,"Scss","Starts"
"24465",2006-11-01,"2006/Q4","Semi-Detached",6,"Scss","Starts"
"24465",2006-11-01,"2006/Q4","Row",0,"Scss","Starts"
"24465",2006-11-01,"2006/Q4","Apartment",13,"Scss","Starts"
"24465",2006-11-01,"2006/Q4","All",49,"Scss","Starts"
"24465",2007-02-01,"2007/Q1","Single",9,"Scss","Starts"
"24465",2007-02-01,"2007/Q1","Semi-Detached",6,"Scss","Starts"
"24465",2007-02-01,"2007/Q1","Row",0,"Scss","Starts"
"24465",2007-02-01,"2007/Q1","Apartment",44,"Scss","Starts"
"24465",2007-02-01,"2007/Q1","All",59,"Scss","Starts"
"24465",2007-05-01,"2007/Q2","Single",26,"Scss","Starts"
"24465",2007-05-01,"2007/Q2","Semi-Detached",4,"Scss","Starts"
"24465",2007-05-01,"2007/Q2","Row",4,"Scss","Starts"
"24465",2007-05-01,"2007/Q2","Apartment",20,"Scss","Starts"
"24465",2007-05-01,"2007/Q2","All",54,"Scss","Starts"
"24465",2007-08-01,"2007/Q3","Single",25,"Scss","Starts"
"24465",2007-08-01,"2007/Q3","Semi-Detached",4,"Scss","Starts"
"24465",2007-08-01,"2007/Q3","Row",0,"Scss","Starts"
"24465",2007-08-01,"2007/Q3","Apartment",12,"Scss","Starts"
"24465",2007-08-01,"2007/Q3","All",41,"Scss","Starts"
"24465",2007-11-01,"2007/Q4","Single",21,"Scss","Starts"
"24465",2007-11-01,"2007/Q4","Semi-Detached",20,"Scss","Starts"
"24465",2007-11-01,"2007/Q4","Row",4,"Scss","Starts"
"24465",2007-11-01,"2007/Q4","Apartment",35,"Scss","Starts"
"24465",2007-11-01,"2007/Q4","All",80,"Scss","Starts"
"24465",2008-02-01,"2008/Q1","Single",10,"Scss","Starts"
"24465",2008-02-01,"2008/Q1","Semi-Detached",0,"Scss","Starts"
"24465",2008-02-01,"2008/Q1","Row",0,"Scss","Starts"
"24465",2008-02-01,"2008/Q1","Apartment",113,"Scss","Starts"
"24465",2008-02-01,"2008/Q1","All",123,"Scss","Starts"
"24465",2008-05-01,"2008/Q2","Single",27,"Scss","Starts"
"24465",2008-05-01,"2008/Q2","Semi-Detached",10,"Scss","Starts"
"24465",2008-05-01,"2008/Q2","Row",0,"Scss","Starts"
"24465",2008-05-01,"2008/Q2","Apartment",26,"Scss","Starts"
"24465",2008-05-01,"2008/Q2","All",63,"Scss","Starts"
"24465",2008-08-01,"2008/Q3","Single",21,"Scss","Starts"
"24465",2008-08-01,"2008/Q3","Semi-Detached",10,"Scss","Starts"
"24465",2008-08-01,"2008/Q3","Row",8,"Scss","Starts"
"24465",2008-08-01,"2008/Q3","Apartment",27,"Scss","Starts"
"24465",2008-08-01,"2008/Q3","All",66,"Scss","Starts"
"24465",2008-11-01,"2008/Q4","Single",16,"Scss","Starts"
"24465",2008-11-01,"2008/Q4","Semi-Detached",4,"Scss","Starts"
"24465",2008-11-01,"2008/Q4","Row",4,"Scss","Starts"
"24465",2008-11-01,"2008/Q4","Apartment",17,"Scss","Starts"
"24465",2008-11-01,"2008/Q4","All",41,"Scss","Starts"
"24465",2009-02-01,"2009/Q1","Single",3,"Scss","Starts"
"24465",2009-02-01,"2009/Q1","Semi-Detached",2,"Scss","Starts"
"24465",2009-02-01,"2009/Q1","Row",8,"Scss","Starts"
"24465",2009-02-01,"2009/Q1","Apartment",11,"Scss","Starts"
"24465",2009-02-01,"2009/Q1","All",24,"Scss","Starts"
"24465",2009-05-01,"2009/Q2","Single",28,"Scss","Starts"
"24465",2009-05-01,"2009/Q2","Semi-Detached",6,"Scss","Starts"
"24465",2009-05-01,"2009/Q2","Row",0,"Scss","Starts"
"24465",2009-05-01,"2009/Q2","Apartment",0,"Scss","Starts"
"24465",2009-05-01,"2009/Q2","All",34,"Scss","Starts"
"24465",2009-08-01,"2009/Q3","Single",17,"Scss","Starts"
"24465",2009-08-01,"2009/Q3","Semi-Detached",2,"Scss","Starts"
"24465",2009-08-01,"2009/Q3","Row",0,"Scss","Starts"
"24465",2009-08-01,"2009/Q3","Apartment",42,"Scss","Starts"
"24465",2009-08-01,"2009/Q3","All",61,"Scss","Starts"
"24465",2009-11-01,"2009/Q4","Single",14,"Scss","Starts"
"24465",2009-11-01,"2009/Q4","Semi-Detached",8,"Scss","Starts"
"24465",2009-11-01,"2009/Q4","Row",0,"Scss","Starts"
"24465",2009-11-01,"2009/Q4","Apartment",22,"Scss","Starts"
"24465",2009-11-01,"2009/Q4","All",44,"Scss","Starts"
"24465",2010-02-01,"2010/Q1","Single",6,"Scss","Starts"
"24465",2010-02-01,"2010/Q1","Semi-Detached",0,"Scss","Starts"
"24465",2010-02-01,"2010/Q1","Row",0,"Scss","Starts"
"24465",2010-02-01,"2010/Q1","Apartment",12,"Scss","Starts"
"24465",2010-02-01,"2010/Q1","All",18,"Scss","Starts"
"24465",2010-05-01,"2010/Q2","Single",26,"Scss","Starts"
"24465",2010-05-01,"2010/Q2","Semi-Detached",18,"Scss","Starts"
"24465",2010-05-01,"2010/Q2","Row",4,"Scss","Starts"
"24465",2010-05-01,"2010/Q2","Apartment",82,"Scss","Starts"
"24465",2010-05-01,"2010/Q2","All",130,"Scss","Starts"
"24465",2010-08-01,"2010/Q3","Single",17,"Scss","Starts"
"24465",2010-08-01,"2010/Q3","Semi-Detached",2,"Scss","Starts"
"24465",2010-08-01,"2010/Q3","Row",4,"Scss","Starts"
"24465",2010-08-01,"2010/Q3","Apartment",44,"Scss","Starts"
"24465",2010-08-01,"2010/Q3","All",67,"Scss","Starts"
"24465",2010-11-01,"2010/Q4","Single",17,"Scss","Starts"
"24465",2010-11-01,"2010/Q4","Semi-Detached",8,"Scss","Starts"
"24465",2010-11-01,"2010/Q4","Row",4,"Scss","Starts"
"24465",2010-11-01,"2010/Q4","Apartment",8,"Scss","Starts"
"24465",2010-11-01,"2010/Q4","All",37,"Scss","Starts"
"24465",2011-02-01,"2011/Q1","Single",5,"Scss","Starts"
"24465",2011-02-01,"2011/Q1","Semi-Detached",2,"Scss","Starts"
"24465",2011-02-01,"2011/Q1","Row",0,"Scss","Starts"
"24465",2011-02-01,"2011/Q1","Apartment",15,"Scss","Starts"
"24465",2011-02-01,"2011/Q1","All",22,"Scss","Starts"
"24465",2011-05-01,"2011/Q2","Single",18,"Scss","Starts"
"24465",2011-05-01,"2011/Q2","Semi-Detached",0,"Scss","Starts"
"24465",2011-05-01,"2011/Q2","Row",4,"Scss","Starts"
"24465",2011-05-01,"2011/Q2","Apartment",30,"Scss","Starts"
"24465",2011-05-01,"2011/Q2","All",52,"Scss","Starts"
"24465",2011-08-01,"2011/Q3","Single",25,"Scss","Starts"
"24465",2011-08-01,"2011/Q3","Semi-Detached",0,"Scss","Starts"
"24465",2011-08-01,"2011/Q3","Row",0,"Scss","Starts"
"24465",2011-08-01,"2011/Q3","Apartment",5,"Scss","Starts"
"24465",2011-08-01,"2011/Q3","All",30,"Scss","Starts"
"24465",2011-11-01,"2011/Q4","Single",19,"Scss","Starts"
"24465",2011-11-01,"2011/Q4","Semi-Detached",2,"Scss","Starts"
"24465",2011-11-01,"2011/Q4","Row",0,"Scss","Starts"
"24465",2011-11-01,"2011/Q4","Apartment",32,"Scss","Starts"
"24465",2011-11-01,"2011/Q4","All",53,"Scss","Starts"
"24465",2012-02-01,"2012/Q1","Single",2,"Scss","Starts"
"24465",2012-02-01,"2012/Q1","Semi-Detached",2,"Scss","Starts"
"24465",2012-02-01,"2012/Q1","Row",0,"Scss","Starts"
"24465",2012-02-01,"2012/Q1","Apartment",24,"Scss","Starts"
"24465",2012-02-01,"2012/Q1","All",28,"Scss","Starts"
"24465",2012-05-01,"2012/Q2","Single",31,"Scss","Starts"
"24465",2012-05-01,"2012/Q2","Semi-Detached",10,"Scss","Starts"
"24465",2012-05-01,"2012/Q2","Row",0,"Scss","Starts"
"24465",2012-05-01,"2012/Q2","Apartment",23,"Scss","Starts"
"24465",2012-05-01,"2012/Q2","All",64,"Scss","Starts"
"24465",2012-08-01,"2012/Q3","Single",21,"Scss","Starts"
"24465",2012-08-01,"2012/Q3","Semi-Detached",16,"Scss","Starts"
"24465",2012-08-01,"2012/Q3","Row",0,"Scss","Starts"
"24465",2012-08-01,"2012/Q3","Apartment",15,"Scss","Starts"
"24465",2012-08-01,"2012/Q3","All",52,"Scss","Starts"
"24465",2012-11-01,"2012/Q4","Single",9,"Scss","Starts"
"24465",2012-11-01,"2012/Q4","Semi-Detached",4,"Scss","Starts"
"24465",2012-11-01,"2012/Q4","Row",4,"Scss","Starts"
"24465",2012-11-01,"2012/Q4","Apartment",61,"Scss","Starts"
"24465",2012-11-01,"2012/Q4","All",78,"Scss","Starts"
"24465",2013-02-01,"2013/Q1","Single",8,"Scss","Starts"
"24465",2013-02-01,"2013/Q1","Semi-Detached",0,"Scss","Starts"
"24465",2013-02-01,"2013/Q1","Row",0,"Scss","Starts"
"24465",2013-02-01,"2013/Q1","Apartment",20,"Scss","Starts"
"24465",2013-02-01,"2013/Q1","All",28,"Scss","Starts"
"24465",2013-05-01,"2013/Q2","Single",15,"Scss","Starts"
"24465",2013-05-01,"2013/Q2","Semi-Detached",0,"Scss","Starts"
"24465",2013-05-01,"2013/Q2","Row",0,"Scss","Starts"
"24465",2013-05-01,"2013/Q2","Apartment",12,"Scss","Starts"
"24465",2013-05-01,"2013/Q2","All",27,"Scss","Starts"
"24465",2013-08-01,"2013/Q3","Single",19,"Scss","Starts"
"24465",2013-08-01,"2013/Q3","Semi-Detached",12,"Scss","Starts"
"24465",2013-08-01,"2013/Q3","Row",0,"Scss","Starts"
"24465",2013-08-01,"2013/Q3","Apartment",14,"Scss","Starts"
"24465",2013-08-01,"2013/Q3","All",45,"Scss","Starts"
"24465",2013-11-01,"2013/Q4","Single",13,"Scss","Starts"
"24465",2013-11-01,"2013/Q4","Semi-Detached",0,"Scss","Starts"
"24465",2013-11-01,"2013/Q4","Row",0,"Scss","Starts"
"24465",2013-11-01,"2013/Q4","Apartment",23,"Scss","Starts"
"24465",2013-11-01,"2013/Q4","All",36,"Scss","Starts"
"24465",2014-02-01,"2014/Q1","Single",0,"Scss","Starts"
"24465",2014-02-01,"2014/Q1","Semi-Detached",0,"Scss","Starts"
"24465",2014-02-01,"2014/Q1","Row",3,"Scss","Starts"
"24465",2014-02-01,"2014/Q1","Apartment",0,"Scss","Starts"
"24465",2014-02-01,"2014/Q1","All",3,"Scss","Starts"
"24465",2014-05-01,"2014/Q2","Single",25,"Scss","Starts"
"24465",2014-05-01,"2014/Q2","Semi-Detached",10,"Scss","Starts"
"24465",2014-05-01,"2014/Q2","Row",0,"Scss","Starts"
"24465",2014-05-01,"2014/Q2","Apartment",27,"Scss","Starts"
"24465",2014-05-01,"2014/Q2","All",62,"Scss","Starts"
"24465",2014-08-01,"2014/Q3","Single",17,"Scss","Starts"
"24465",2014-08-01,"2014/Q3","Semi-Detached",0,"Scss","Starts"
"24465",2014-08-01,"2014/Q3","Row",0,"Scss","Starts"
"24465",2014-08-01,"2014/Q3","Apartment",4,"Scss","Starts"
"24465",2014-08-01,"2014/Q3","All",21,"Scss","Starts"
"24465",2014-11-01,"2014/Q4","Single",11,"Scss","Starts"
"24465",2014-11-01,"2014/Q4","Semi-Detached",4,"Scss","Starts"
"24465",2014-11-01,"2014/Q4","Row",0,"Scss","Starts"
"24465",2014-11-01,"2014/Q4","Apartment",147,"Scss","Starts"
"24465",2014-11-01,"2014/Q4","All",162,"Scss","Starts"
"24465",2015-02-01,"2015/Q1","Single",2,"Scss","Starts"
"24465",2015-02-01,"2015/Q1","Semi-Detached",4,"Scss","Starts"
"24465",2015-02-01,"2015/Q1","Row",0,"Scss","Starts"
"24465",2015-02-01,"2015/Q1","Apartment",4,"Scss","Starts"
"24465",2015-02-01,"2015/Q1","All",10,"Scss","Starts"
"24465",2015-05-01,"2015/Q2","Single",16,"Scss","Starts"
"24465",2015-05-01,"2015/Q2","Semi-Detached",6,"Scss","Starts"
"24465",2015-05-01,"2015/Q2","Row",4,"Scss","Starts"
"24465",2015-05-01,"2015/Q2","Apartment",38,"Scss","Starts"
"24465",2015-05-01,"2015/Q2","All",64,"Scss","Starts"
"24465",2015-08-01,"2015/Q3","Single",14,"Scss","Starts"
"24465",2015-08-01,"2015/Q3","Semi-Detached",2,"Scss","Starts"
"24465",2015-08-01,"2015/Q3","Row",0,"Scss","Starts"
"24465",2015-08-01,"2015/Q3","Apartment",0,"Scss","Starts"
"24465",2015-08-01,"2015/Q3","All",16,"Scss","Starts"
"24465",2015-11-01,"2015/Q4","Single",17,"Scss","Starts"
"24465",2015-11-01,"2015/Q4","Semi-Detached",8,"Scss","Starts"
"24465",2015-11-01,"2015/Q4","Row",3,"Scss","Starts"
"24465",2015-11-01,"2015/Q4","Apartment",65,"Scss","Starts"
"24465",2015-11-01,"2015/Q4","All",93,"Scss","Starts"
"24465",2016-02-01,"2016/Q1","Single",5,"Scss","Starts"
"24465",2016-02-01,"2016/Q1","Semi-Detached",2,"Scss","Starts"
"24465",2016-02-01,"2016/Q1","Row",0,"Scss","Starts"
"24465",2016-02-01,"2016/Q1","Apartment",17,"Scss","Starts"
"24465",2016-02-01,"2016/Q1","All",24,"Scss","Starts"
"24465",2016-05-01,"2016/Q2","Single",11,"Scss","Starts"
"24465",2016-05-01,"2016/Q2","Semi-Detached",4,"Scss","Starts"
"24465",2016-05-01,"2016/Q2","Row",11,"Scss","Starts"
"24465",2016-05-01,"2016/Q2","Apartment",13,"Scss","Starts"
"24465",2016-05-01,"2016/Q2","All",39,"Scss","Starts"
"24465",2016-08-01,"2016/Q3","Single",16,"Scss","Starts"
"24465",2016-08-01,"2016/Q3","Semi-Detached",8,"Scss","Starts"
"24465",2016-08-01,"2016/Q3","Row",3,"Scss","Starts"
"24465",2016-08-01,"2016/Q3","Apartment",29,"Scss","Starts"
"24465",2016-08-01,"2016/Q3","All",56,"Scss","Starts"
"24465",2016-11-01,"2016/Q4","Single",17,"Scss","Starts"
"24465",2016-11-01,"2016/Q4","Semi-Detached",4,"Scss","Starts"
"24465",2016-11-01,"2016/Q4","Row",3,"Scss","Starts"
"24465",2016-11-01,"2016/Q4","Apartment",9,"Scss","Starts"
"24465",2016-11-01,"2016/Q4","All",33,"Scss","Starts"
"24465",2017-02-01,"2017/Q1","Single",3,"Scss","Starts"
"24465",2017-02-01,"2017/Q1","Semi-Detached",8,"Scss","Starts"
"24465",2017-02-01,"2017/Q1","Row",0,"Scss","Starts"
"24465",2017-02-01,"2017/Q1","Apartment",27,"Scss","Starts"
"24465",2017-02-01,"2017/Q1","All",38,"Scss","Starts"
"24465",2017-05-01,"2017/Q2","Single",12,"Scss","Starts"
"24465",2017-05-01,"2017/Q2","Semi-Detached",4,"Scss","Starts"
"24465",2017-05-01,"2017/Q2","Row",12,"Scss","Starts"
"24465",2017-05-01,"2017/Q2","Apartment",40,"Scss","Starts"
"24465",2017-05-01,"2017/Q2","All",68,"Scss","Starts"
"24465",2017-08-01,"2017/Q3","Single",11,"Scss","Starts"
"24465",2017-08-01,"2017/Q3","Semi-Detached",6,"Scss","Starts"
"24465",2017-08-01,"2017/Q3","Row",3,"Scss","Starts"
"24465",2017-08-01,"2017/Q3","Apartment",11,"Scss","Starts"
"24465",2017-08-01,"2017/Q3","All",31,"Scss","Starts"
"24465",2017-11-01,"2017/Q4","Single",15,"Scss","Starts"
"24465",2017-11-01,"2017/Q4","Semi-Detached",14,"Scss","Starts"
"24465",2017-11-01,"2017/Q4","Row",0,"Scss","Starts"
"24465",2017-11-01,"2017/Q4","Apartment",256,"Scss","Starts"
"24465",2017-11-01,"2017/Q4","All",285,"Scss","Starts"
"24465",2018-02-01,"2018/Q1","Single",1,"Scss","Starts"
"24465",2018-02-01,"2018/Q1","Semi-Detached",14,"Scss","Starts"
"24465",2018-02-01,"2018/Q1","Row",0,"Scss","Starts"
"24465",2018-02-01,"2018/Q1","Apartment",36,"Scss","Starts"
"24465",2018-02-01,"2018/Q1","All",51,"Scss","Starts"
"24465",2018-05-01,"2018/Q2","Single",15,"Scss","Starts"
"24465",2018-05-01,"2018/Q2","Semi-Detached",12,"Scss","Starts"
"24465",2018-05-01,"2018/Q2","Row",4,"Scss","Starts"
"24465",2018-05-01,"2018/Q2","Apartment",243,"Scss","Starts"
"24465",2018-05-01,"2018/Q2","All",274,"Scss","Starts"
"24465",2018-08-01,"2018/Q3","Single",14,"Scss","Starts"
"24465",2018-08-01,"2018/Q3","Semi-Detached",8,"Scss","Starts"
"24465",2018-08-01,"2018/Q3","Row",0,"Scss","Starts"
"24465",2018-08-01,"2018/Q3","Apartment",19,"Scss","Starts"
"24465",2018-08-01,"2018/Q3","All",41,"Scss","Starts"
"24465",2018-11-01,"2018/Q4","Single",13,"Scss","Starts"
"24465",2018-11-01,"2018/Q4","Semi-Detached",8,"Scss","Starts"
"24465",2018-11-01,"2018/Q4","Row",0,"Scss","Starts"
"24465",2018-11-01,"2018/Q4","Apartment",6,"Scss","Starts"
"24465",2018-11-01,"2018/Q4","All",27,"Scss","Starts"
"24465",2019-02-01,"2019/Q1","Single",10,"Scss","Starts"
"24465",2019-02-01,"2019/Q1","Semi-Detached",0,"Scss","Starts"
"24465",2019-02-01,"2019/Q1","Row",0,"Scss","Starts"
"24465",2019-02-01,"2019/Q1","Apartment",80,"Scss","Starts"
"24465",2019-02-01,"2019/Q1","All",90,"Scss","Starts"
"24465",2019-05-01,"2019/Q2","Single",15,"Scss","Starts"
"24465",2019-05-01,"2019/Q2","Semi-Detached",22,"Scss","Starts"
"24465",2019-05-01,"2019/Q2","Row",11,"Scss","Starts"
"24465",2019-05-01,"2019/Q2","Apartment",59,"Scss","Starts"
"24465",2019-05-01,"2019/Q2","All",107,"Scss","Starts"
"24465",2019-08-01,"2019/Q3","Single",21,"Scss","Starts"
"24465",2019-08-01,"2019/Q3","Semi-Detached",36,"Scss","Starts"
"24465",2019-08-01,"2019/Q3","Row",4,"Scss","Starts"
"24465",2019-08-01,"2019/Q3","Apartment",66,"Scss","Starts"
"24465",2019-08-01,"2019/Q3","All",127,"Scss","Starts"
"24465",2019-11-01,"2019/Q4","Single",14,"Scss","Starts"
"24465",2019-11-01,"2019/Q4","Semi-Detached",22,"Scss","Starts"
"24465",2019-11-01,"2019/Q4","Row",0,"Scss","Starts"
"24465",2019-11-01,"2019/Q4","Apartment",61,"Scss","Starts"
"24465",2019-11-01,"2019/Q4","All",97,"Scss","Starts"
"24465",2020-02-01,"2020/Q1","Single",5,"Scss","Starts"
"24465",2020-02-01,"2020/Q1","Semi-Detached",18,"Scss","Starts"
"24465",2020-02-01,"2020/Q1","Row",0,"Scss","Starts"
"24465",2020-02-01,"2020/Q1","Apartment",21,"Scss","Starts"
"24465",2020-02-01,"2020/Q1","All",44,"Scss","Starts"
"24465",2020-05-01,"2020/Q2","Single",24,"Scss","Starts"
"24465",2020-05-01,"2020/Q2","Semi-Detached",20,"Scss","Starts"
"24465",2020-05-01,"2020/Q2","Row",3,"Scss","Starts"
"24465",2020-05-01,"2020/Q2","Apartment",70,"Scss","Starts"
"24465",2020-05-01,"2020/Q2","All",117,"Scss","Starts"
"24465",2020-08-01,"2020/Q3","Single",16,"Scss","Starts"
"24465",2020-08-01,"2020/Q3","Semi-Detached",32,"Scss","Starts"
"24465",2020-08-01,"2020/Q3","Row",3,"Scss","Starts"
"24465",2020-08-01,"2020/Q3","Apartment",50,"Scss","Starts"
"24465",2020-08-01,"2020/Q3","All",101,"Scss","Starts"
"24465",2020-11-01,"2020/Q4","Single",27,"Scss","Starts"
"24465",2020-11-01,"2020/Q4","Semi-Detached",24,"Scss","Starts"
"24465",2020-11-01,"2020/Q4","Row",4,"Scss","Starts"
"24465",2020-11-01,"2020/Q4","Apartment",30,"Scss","Starts"
"24465",2020-11-01,"2020/Q4","All",85,"Scss","Starts"
"24465",2021-02-01,"2021/Q1","Single",16,"Scss","Starts"
"24465",2021-02-01,"2021/Q1","Semi-Detached",10,"Scss","Starts"
"24465",2021-02-01,"2021/Q1","Row",0,"Scss","Starts"
"24465",2021-02-01,"2021/Q1","Apartment",55,"Scss","Starts"
"24465",2021-02-01,"2021/Q1","All",81,"Scss","Starts"
"24465",2021-05-01,"2021/Q2","Single",33,"Scss","Starts"
"24465",2021-05-01,"2021/Q2","Semi-Detached",14,"Scss","Starts"
"24465",2021-05-01,"2021/Q2","Row",0,"Scss","Starts"
"24465",2021-05-01,"2021/Q2","Apartment",83,"Scss","Starts"
"24465",2021-05-01,"2021/Q2","All",130,"Scss","Starts"
"24465",2021-08-01,"2021/Q3","Single",18,"Scss","Starts"
"24465",2021-08-01,"2021/Q3","Semi-Detached",26,"Scss","Starts"
"24465",2021-08-01,"2021/Q3","Row",0,"Scss","Starts"
"24465",2021-08-01,"2021/Q3","Apartment",15,"Scss","Starts"
"24465",2021-08-01,"2021/Q3","All",59,"Scss","Starts"
"24465",2021-11-01,"2021/Q4","Single",4,"Scss","Starts"
"24465",2021-11-01,"2021/Q4","Semi-Detached",8,"Scss","Starts"
"24465",2021-11-01,"2021/Q4","Row",0,"Scss","Starts"
"24465",2021-11-01,"2021/Q4","Apartment",45,"Scss","Starts"
"24465",2021-11-01,"2021/Q4","All",57,"Scss","Starts"
"24465",2022-02-01,"2022/Q1","Single",34,"Scss","Starts"
"24465",2022-02-01,"2022/Q1","Semi-Detached",46,"Scss","Starts"
"24465",2022-02-01,"2022/Q1","Row",30,"Scss","Starts"
"24465",2022-02-01,"2022/Q1","Apartment",95,"Scss","Starts"
"24465",2022-02-01,"2022/Q1","All",205,"Scss","Starts"
"24465",2022-05-01,"2022/Q2","Single",51,"Scss","Starts"
"24465",2022-05-01,"2022/Q2","Semi-Detached",22,"Scss","Starts"
"24465",2022-05-01,"2022/Q2","Row",22,"Scss","Starts"
"24465",2022-05-01,"2022/Q2","Apartment",71,"Scss","Starts"
"24465",2022-05-01,"2022/Q2","All",166,"Scss","Starts"
"24465",2022-08-01,"2022/Q3","Single",30,"Scss","Starts"
"24465",2022-08-01,"2022/Q3","Semi-Detached",22,"Scss","Starts"
"24465",2022-08-01,"2022/Q3","Row",3,"Scss","Starts"
"24465",2022-08-01,"2022/Q3","Apartment",166,"Scss","Starts"
"24465",2022-08-01,"2022/Q3","All",221,"Scss","Starts"
"24465",2022-11-01,"2022/Q4","Single",6,"Scss","Starts"
"24465",2022-11-01,"2022/Q4","Semi-Detached",18,"Scss","Starts"
"24465",2022-11-01,"2022/Q4","Row",0,"Scss","Starts"
"24465",2022-11-01,"2022/Q4","Apartment",38,"Scss","Starts"
"24465",2022-11-01,"2022/Q4","All",62,"Scss","Starts"
"24465",2023-02-01,"2023/Q1","Single",14,"Scss","Starts"
"24465",2023-02-01,"2023/Q1","Semi-Detached",10,"Scss","Starts"
"24465",2023-02-01,"2023/Q1","Row",3,"Scss","Starts"
"24465",2023-02-01,"2023/Q1","Apartment",256,"Scss","Starts"
"24465",2023-02-01,"2023/Q1","All",283,"Scss","Starts"
"24465",2023-05-01,"2023/Q2","Single",5,"Scss","Starts"
"24465",2023-05-01,"2023/Q2","Semi-Detached",8,"Scss","Starts"
"24465",2023-05-01,"2023/Q2","Row",4,"Scss","Starts"
"24465",2023-05-01,"2023/Q2","Apartment",153,"Scss","Starts"
"24465",2023-05-01,"2023/Q2","All",170,"Scss","Starts"
"24465",2023-08-01,"2023/Q3","Single",10,"Scss","Starts"
"24465",2023-08-01,"2023/Q3","Semi-Detached",4,"Scss","Starts"
"24465",2023-08-01,"2023/Q3","Row",0,"Scss","Starts"
"24465",2023-08-01,"2023/Q3","Apartment",88,"Scss","Starts"
"24465",2023-08-01,"2023/Q3","All",102,"Scss","Starts"
"24465",2023-11-01,"2023/Q4","Single",9,"Scss","Starts"
"24465",2023-11-01,"2023/Q4","Semi-Detached",12,"Scss","Starts"
"24465",2023-11-01,"2023/Q4","Row",7,"Scss","Starts"
"24465",2023-11-01,"2023/Q4","Apartment",168,"Scss","Starts"
"24465",2023-11-01,"2023/Q4","All",196,"Scss","Starts"
"24465",2024-02-01,"2024/Q1","Single",5,"Scss","Starts"
"24465",2024-02-01,"2024/Q1","Semi-Detached",4,"Scss","Starts"
"24465",2024-02-01,"2024/Q1","Row",0,"Scss","Starts"
"24465",2024-02-01,"2024/Q1","Apartment",307,"Scss","Starts"
"24465",2024-02-01,"2024/Q1","All",316,"Scss","Starts"
"24465",2024-05-01,"2024/Q2","Single",8,"Scss","Starts"
"24465",2024-05-01,"2024/Q2","Semi-Detached",0,"Scss","Starts"
"24465",2024-05-01,"2024/Q2","Row",8,"Scss","Starts"
"24465",2024-05-01,"2024/Q2","Apartment",211,"Scss","Starts"
"24465",2024-05-01,"2024/Q2","All",227,"Scss","Starts"
"24465",2024-08-01,"2024/Q3","Single",9,"Scss","Starts"
"24465",2024-08-01,"2024/Q3","Semi-Detached",0,"Scss","Starts"
"24465",2024-08-01,"2024/Q3","Row",3,"Scss","Starts"
"24465",2024-08-01,"2024/Q3","Apartment",120,"Scss","Starts"
"24465",2024-08-01,"2024/Q3","All",132,"Scss","Starts"
"24465",2024-11-01,"2024/Q4","Single",13,"Scss","Starts"
"24465",2024-11-01,"2024/Q4","Semi-Detached",10,"Scss","Starts"
"24465",2024-11-01,"2024/Q4","Row",4,"Scss","Starts"
"24465",2024-11-01,"2024/Q4","Apartment",138,"Scss","Starts"
"24465",2024-11-01,"2024/Q4","All",165,"Scss","Starts"
"24465",2025-02-01,"2025/Q1","Single",13,"Scss","Starts"
"24465",2025-02-01,"2025/Q1","Semi-Detached",12,"Scss","Starts"
"24465",2025-02-01,"2025/Q1","Row",8,"Scss","Starts"
"24465",2025-02-01,"2025/Q1","Apartment",127,"Scss","Starts"
"24465",2025-02-01,"2025/Q1","All",160,"Scss","Starts"
"24465",2025-05-01,"2025/Q2","Single",14,"Scss","Starts"
"24465",2025-05-01,"2025/Q2","Semi-Detached",22,"Scss","Starts"
"24465",2025-05-01,"2025/Q2","Row",12,"Scss","Starts"
"24465",2025-05-01,"2025/Q2","Apartment",187,"Scss","Starts"
"24465",2025-05-01,"2025/Q2","All",235,"Scss","Starts"
"24465",2025-08-01,"2025/Q3","Single",26,"Scss","Starts"
"24465",2025-08-01,"2025/Q3","Semi-Detached",12,"Scss","Starts"
"24465",2025-08-01,"2025/Q3","Row",11,"Scss","Starts"
"24465",2025-08-01,"2025/Q3","Apartment",54,"Scss","Starts"
"24465",2025-08-01,"2025/Q3","All",103,"Scss","Starts"
"24465",2025-11-01,"2025/Q4","Single",17,"Scss","Starts"
"24465",2025-11-01,"2025/Q4","Semi-Detached",20,"Scss","Starts"
"24465",2025-11-01,"2025/Q4","Row",0,"Scss","Starts"
"24465",2025-11-01,"2025/Q4","Apartment",321,"Scss","Starts"
"24465",2025-11-01,"2025/Q4","All",358,"Scss","Starts"
