cma_code,year,month,Length_of_Construction__in_months___Single,Length_of_Construction__in_months___Semi_Detached,Length_of_Construction__in_months___Row,Length_of_Construction__in_months___Apartment,Length_of_Construction__in_months___All,Absorbed_Units__Homeowner___Condo___Single,Absorbed_Units__Homeowner___Condo___Semi_Detached,Absorbed_Units__Homeowner___Condo___Row,Absorbed_Units__Homeowner___Condo___Apartment,Absorbed_Units__Homeowner___Condo___All,__of_Absorbed_Units_at_Completion__Homeowner___Condo___Single,__of_Absorbed_Units_at_Completion__Homeowner___Condo___Semi_Detached,__of_Absorbed_Units_at_Completion__Homeowner___Condo___Row,__of_Absorbed_Units_at_Completion__Homeowner___Condo___Apartment,__of_Absorbed_Units_at_Completion__Homeowner___Condo___All,Inventory_of_Completed_and_Unabsorbed_Units__Homeowner___Condo___Single,Inventory_of_Completed_and_Unabsorbed_Units__Homeowner___Condo___Semi_Detached,Inventory_of_Completed_and_Unabsorbed_Units__Homeowner___Condo___Row,Inventory_of_Completed_and_Unabsorbed_Units__Homeowner___Condo___Apartment,Inventory_of_Completed_and_Unabsorbed_Units__Homeowner___Condo___All,Absorbed_Unit_Prices______1st_20_,Absorbed_Unit_Prices______2nd_40_,Absorbed_Unit_Prices______3rd_60_,Absorbed_Unit_Prices______4th_80_,Absorbed_Unit_Prices______Median,Absorbed_Unit_Prices______Average,Absorbed_Unit_Prices______Units,Unabsorbed_Unit_Prices______1st_20_,Unabsorbed_Unit_Prices______2nd_40_,Unabsorbed_Unit_Prices______3rd_60_,Unabsorbed_Unit_Prices______4th_80_,Unabsorbed_Unit_Prices______Median,Unabsorbed_Unit_Prices______Average,Unabsorbed_Unit_Prices______Units
0670/3/Kelowna,1990,apr,4.1,3.0,6.0,7.0,5.0,119,4,0,10,133,74.8 %,50.0 %,**,**,74.4 %,65,4,0,21,90,"115,000","135,000","160,000","175,000","150,000","151,806",123,91000,130000,155000,178000,150000,145880,69
0670/3/Kelowna,1990,aug,4.6,4.7,4.0,**,4.6,194,4,1,0,199,75.7 %,66.7 %,0.0 %,**,72.9 %,103,4,11,9,127,"125,000","140,000","160,000","180,000","150,000","168,143",198,119000,130000,150000,182000,145000,151584,107
0670/3/Kelowna,1990,dec,4.3,3.5,3.2,4.0,4.1,107,2,9,2,120,75.9 %,100.0 %,60.0 %,**,74.7 %,92,2,33,85,212,"125,000","145,000","175,000","200,000","160,000","169,158",109,125000,140000,155000,182000,145000,153705,94
0670/3/Kelowna,1990,feb,5.0,4.0,5.7,**,5.6,26,0,25,31,82,88.9 %,**,100.0 %,**,95.1 %,48,4,2,39,93,"81,000","114,000","125,000","173,000","120,000","126,877",26,90000,103000,117000,142000,110000,127094,52
0670/3/Kelowna,1990,jan,3.6,4.3,10.6,4.0,6.8,45,4,44,43,136,88.1 %,100.0 %,93.0 %,75.0 %,90.3 %,56,4,4,70,134,"90,000","97,000","138,000","155,000","120,000","125,800",49,90000,100000,115000,140000,110000,120009,60
0670/3/Kelowna,1990,jul,8.2,**,8.0,**,8.2,111,0,13,5,129,75.8 %,**,100.0 %,**,77.4 %,75,2,4,9,90,"120,000","140,000","155,000","170,000","150,000","148,102",111,120000,135000,150000,170000,145000,146355,77
0670/3/Kelowna,1990,jun,4.0,3.0,7.2,**,4.5,74,2,11,4,91,82.6 %,100.0 %,60.0 %,**,79.1 %,62,2,8,14,86,"130,000","150,000","155,000","175,000","150,000","159,768",76,123000,141000,155000,180000,150000,148200,64
0670/3/Kelowna,1990,mar,4.3,5.5,**,5.3,4.7,161,6,2,63,232,89.2 %,75.0 %,**,100.0 %,91.3 %,53,6,0,31,90,"95,000","120,000","145,000","163,000","135,000","145,123",167,80000,98000,134000,160000,115000,131955,59
0670/3/Kelowna,1990,may,4.1,**,6.4,6.9,5.5,178,2,27,65,272,81.1 %,**,87.1 %,95.2 %,85.0 %,67,2,4,18,91,"105,000","130,000","150,000","165,000","140,000","139,807",180,120000,140000,155000,180000,145000,153209,69
0670/3/Kelowna,1990,nov,4.4,**,9.0,6.0,6.0,76,0,19,9,104,62.3 %,**,41.5 %,12.1 %,45.7 %,116,2,32,87,237,"125,000","145,000","165,000","186,000","150,000","175,434",76,122000,144000,165000,190000,150000,157945,118
0670/3/Kelowna,1990,oct,4.3,6.0,6.0,6.0,5.1,114,2,13,26,155,66.9 %,100.0 %,66.7 %,32.1 %,54.5 %,115,2,10,63,190,"135,000","145,000","155,000","180,000","150,000","162,106",116,120000,140000,160000,184000,150000,155090,117
0670/3/Kelowna,1990,sep,4.5,3.5,**,5.0,4.6,128,4,6,1,139,71.4 %,100.0 %,**,**,72.3 %,108,4,5,8,125,"124,000","143,000","150,000","180,000","150,000","163,857",132,120000,140000,157000,180000,145000,153091,112
0670/3/Kelowna,1991,apr,5.5,5.0,**,**,5.5,95,4,6,29,134,60.9 %,100.0 %,**,**,61.8 %,96,2,22,143,263,"125,000","145,000","165,000","190,000","150,000","170,612",99,125000,140000,155000,180000,145000,151463,98
0670/3/Kelowna,1991,aug,3.4,3.3,7.3,**,3.7,94,11,16,48,169,74.0 %,100.0 %,100.0 %,**,77.8 %,84,5,10,52,151,"130,000","145,000","155,000","190,000","150,000","156,553",105,125000,135000,150000,180000,145000,154609,89
0670/3/Kelowna,1991,dec,3.8,3.3,6.3,6.5,4.9,98,8,9,69,184,76.3 %,25.0 %,72.7 %,85.0 %,76.7 %,94,11,4,32,141,"135,000","145,000","155,000","185,000","145,000","156,306",106,125000,145000,155000,180000,150000,155195,105
0670/3/Kelowna,1991,feb,3.7,**,**,2.0,3.6,30,0,6,9,45,42.4 %,**,**,0.0 %,40.0 %,116,2,26,50,194,"121,000","140,000","150,000","175,000","145,000","147,423",30,120000,130000,150000,180000,140000,150580,118
0670/3/Kelowna,1991,jan,5.3,**,11.0,**,6.2,38,0,16,28,82,32.2 %,**,75.0 %,**,39.4 %,113,2,29,57,201,"120,000","135,000","152,000","182,000","145,000","158,361",38,120000,135000,155000,180000,145000,150065,115
0670/3/Kelowna,1991,jul,4.1,2.7,4.0,**,4.0,126,0,8,29,163,72.6 %,0.0 %,0.0 %,**,68.0 %,78,8,17,100,203,"120,000","140,000","155,000","178,000","145,000","159,983",126,130000,140000,152000,180000,145000,155031,86
0670/3/Kelowna,1991,jun,4.4,**,**,6.0,4.4,90,2,1,21,114,64.3 %,**,**,0.0 %,62.8 %,87,2,23,129,241,"126,000","140,000","160,000","200,000","150,000","171,828",92,125000,140000,155000,180000,150000,155905,89
0670/3/Kelowna,1991,mar,6.5,8.0,5.3,7.6,7.4,45,0,10,108,163,69.7 %,0.0 %,33.3 %,40.9 %,43.7 %,104,4,28,172,308,"120,000","130,000","155,000","183,000","135,000","152,104",45,115000,135000,150000,180000,140000,150574,108
0670/3/Kelowna,1991,may,5.5,5.0,6.9,5.3,5.5,104,0,16,87,207,70.3 %,0.0 %,61.1 %,44.6 %,57.7 %,93,4,24,148,269,"130,000","145,000","165,000","195,000","150,000","171,764",104,125000,140000,152000,180000,145000,156588,97
0670/3/Kelowna,1991,nov,4.3,3.8,5.4,**,4.4,146,2,18,3,169,74.8 %,25.0 %,100.0 %,**,75.0 %,99,11,2,41,153,"127,000","140,000","160,000","185,000","150,000","162,277",148,130000,145000,160000,180000,150000,152605,110
0670/3/Kelowna,1991,oct,3.3,2.0,**,3.0,3.3,104,0,5,6,115,62.5 %,0.0 %,**,0.0 %,60.7 %,110,5,3,44,162,"135,000","145,000","160,000","200,000","155,000","169,384",104,125000,142000,160000,200000,150000,159815,115
0670/3/Kelowna,1991,sep,3.2,**,4.0,3.0,3.2,99,2,5,6,112,73.1 %,**,100.0 %,**,74.0 %,78,3,8,48,137,"125,000","135,000","160,000","175,000","145,000","156,570",101,130000,140000,160000,186000,150000,159473,81
0670/3/Kelowna,1992,apr,0.0,0.0,0.0,0.0,0.0,149,2,31,15,197,70.4 %,25.0 %,68.9 %,100.0 %,69.8 %,115,27,16,15,173,"140,000","155,000","175,000","215,000","165,000","178,489",151,130000,145000,165000,180000,155000,157751,142
0670/3/Kelowna,1992,aug,0.0,0.0,0.0,0.0,0.0,137,11,27,5,180,83.2 %,66.7 %,71.4 %,**,80.6 %,74,21,38,35,168,"145,000","170,000","185,000","225,000","175,000","186,042",148,135000,155000,170000,219000,160000,175206,95
0670/3/Kelowna,1992,dec,0.0,0.0,**,**,0.0,145,2,1,2,150,87.5 %,33.3 %,**,**,85.3 %,85,18,18,27,148,"150,000","165,000","185,000","245,000","170,000","197,494",147,150000,165000,183000,219000,175000,173499,103
0670/3/Kelowna,1992,feb,0.0,**,0.0,0.0,0.0,67,0,5,102,174,75.4 %,**,100.0 %,85.2 %,82.0 %,90,9,1,38,138,"130,000","135,000","150,000","170,000","145,000","155,479",67,130000,145000,155000,175000,150000,154923,99
0670/3/Kelowna,1992,jan,0.0,**,0.0,**,0.0,51,2,11,7,71,77.6 %,**,100.0 %,**,81.4 %,92,9,3,25,129,"130,000","140,000","155,000","175,000","155,000","158,243",53,128000,141000,155000,175000,150000,151127,101
0670/3/Kelowna,1992,jul,0.0,0.0,0.0,**,0.0,151,6,8,5,170,84.5 %,25.0 %,50.0 %,**,80.1 %,80,26,37,40,183,"140,000","155,000","165,000","213,000","160,000","174,378",157,135000,155000,170000,215000,160000,172225,106
0670/3/Kelowna,1992,jun,0.0,0.0,0.0,0.0,0.0,150,5,22,16,193,80.0 %,100.0 %,100.0 %,33.3 %,74.0 %,102,24,41,45,212,"150,000","170,000","180,000","225,000","175,000","193,581",155,130000,145000,165000,200000,155000,163835,126
0670/3/Kelowna,1992,mar,0.0,0.0,0.0,**,0.0,115,4,8,12,139,69.3 %,20.0 %,88.9 %,**,64.1 %,102,25,2,26,155,"135,000","150,000","160,000","180,000","155,000","167,101",119,128000,135000,150000,170000,145000,150049,127
0670/3/Kelowna,1992,may,0.0,0.0,0.0,0.0,0.0,125,4,24,141,294,73.2 %,100.0 %,42.0 %,86.8 %,74.8 %,117,25,42,25,209,"145,000","165,000","175,000","214,000","170,000","181,503",129,135000,150000,165000,192000,160000,163793,142
0670/3/Kelowna,1992,nov,0.0,0.0,0.0,**,0.0,142,8,39,7,196,79.3 %,100.0 %,100.0 %,**,82.7 %,86,14,19,29,148,"155,000","170,000","184,000","225,000","175,000","187,715",150,150000,165000,185000,225000,175000,179028,100
0670/3/Kelowna,1992,oct,0.0,0.0,**,0.0,0.0,153,12,3,81,249,76.3 %,50.0 %,**,84.4 %,78.1 %,88,20,32,36,176,"150,000","160,000","175,000","215,000","165,000","179,487",165,149000,165000,175000,215000,170000,180143,108
0670/3/Kelowna,1992,sep,0.0,0.0,0.0,**,0.0,150,9,5,8,172,86.5 %,30.0 %,0.0 %,**,81.9 %,72,22,35,27,156,"155,000","160,000","180,000","225,000","170,000","184,689",159,135000,155000,170000,215000,165000,173321,94
0670/3/Kelowna,1993,apr,0.0,0.0,0.0,0.0,0.0,117,13,8,81,219,83.1 %,90.0 %,75.0 %,95.1 %,87.7 %,79,19,12,8,118,"158,000","175,000","194,000","225,000","180,000","187,584",130,140000,155000,175000,195000,170000,171982,98
0670/3/Kelowna,1993,aug,0.0,0.0,0.0,0.0,0.0,117,2,9,30,158,76.8 %,100.0 %,63.6 %,69.2 %,74.6 %,135,28,33,44,240,"160,000","175,000","189,000","240,000","185,000","194,704",119,144000,165000,180000,210000,175000,186124,163
0670/3/Kelowna,1993,dec,0.0,0.0,0.0,**,0.0,89,2,10,22,123,79.5 %,0.0 %,53.3 %,**,72.5 %,175,29,28,108,340,"165,000","175,000","195,000","250,000","190,000","201,815",91,150000,170000,185000,225000,180000,194138,204
0670/3/Kelowna,1993,feb,0.0,0.0,0.0,**,0.0,36,2,12,19,69,76.3 %,100.0 %,100.0 %,**,82.0 %,79,22,16,7,124,"144,000","169,000","185,000","215,000","175,000","178,997",38,135000,155000,175000,203000,165000,171517,101
0670/3/Kelowna,1993,jan,0.0,0.0,0.0,**,0.0,36,8,6,1,51,85.7 %,50.0 %,83.3 %,**,76.1 %,77,22,18,26,143,"157,000","170,000","176,000","223,000","170,000","188,931",44,148000,165000,185000,219000,175000,173112,99
0670/3/Kelowna,1993,jul,0.0,0.0,0.0,0.0,0.0,100,3,32,15,150,71.1 %,12.5 %,78.9 %,**,70.0 %,127,28,31,35,221,"165,000","185,000","210,000","250,000","192,500","215,475",103,158000,170000,185000,220000,180000,186841,155
0670/3/Kelowna,1993,jun,0.0,**,0.0,0.0,0.0,159,0,27,13,199,76.9 %,**,78.6 %,**,77.1 %,113,23,25,50,211,"150,000","170,000","185,000","240,000","175,000","206,903",159,145000,170000,185000,218000,175000,189594,136
0670/3/Kelowna,1993,mar,0.0,0.0,0.0,0.0,0.0,68,2,4,88,162,80.3 %,100.0 %,100.0 %,96.6 %,90.3 %,72,22,16,7,117,"150,000","165,000","177,000","227,000","170,000","190,906",70,135000,150000,175000,195000,165000,169369,94
0670/3/Kelowna,1993,may,0.0,0.0,0.0,0.0,0.0,136,4,40,144,324,75.6 %,50.0 %,71.2 %,70.9 %,72.3 %,99,23,24,63,209,"155,000","170,000","190,000","233,000","180,000","193,903",140,140000,165000,180000,210000,175000,179953,122
0670/3/Kelowna,1993,nov,0.0,0.0,0.0,0.0,0.0,107,0,9,39,155,71.7 %,0.0 %,50.0 %,54.4 %,64.5 %,181,27,23,130,361,"155,000","175,000","210,000","250,000","190,000","203,977",107,155000,170000,185000,221000,180000,193073,208
0670/3/Kelowna,1993,oct,0.0,0.0,0.0,0.0,0.0,99,9,8,167,283,73.9 %,75.0 %,20.0 %,69.3 %,70.2 %,161,25,26,101,313,"150,000","175,000","190,000","230,000","185,000","191,294",108,145000,170000,185000,220000,175000,191138,186
0670/3/Kelowna,1993,sep,0.0,0.0,0.0,**,0.0,120,4,11,4,139,75.4 %,33.3 %,85.7 %,**,74.1 %,145,30,29,40,244,"151,000","175,000","185,000","229,000","182,500","201,395",124,140000,165000,180000,214000,175000,187167,175
0670/3/Kelowna,1994,apr,5.0,3.0,5.0,9.0,5.6,100,10,12,22,144,78.0 %,75.0 %,100.0 %,60.7 %,75.0 %,144,40,37,70,291,"165,000","185,000","228,000","275,000","192,500","217,867",110,145000,165000,185000,220000,175000,192547,184
0670/3/Kelowna,1994,aug,3.6,4.5,9.5,15.5,9.5,68,12,11,57,148,78.4 %,50.0 %,87.5 %,67.9 %,72.0 %,160,45,20,62,287,"146,000","172,000","188,000","235,000","182,500","197,858",80,135000,162000,185000,225000,175000,191593,205
0670/3/Kelowna,1994,dec,4.9,19.8,6.0,14.1,10.8,64,14,25,76,179,78.4 %,100.0 %,58.5 %,64.7 %,68.6 %,161,48,21,91,321,"170,000","185,000","230,000","275,000","215,000","219,371",78,140000,165000,190000,225000,175000,194354,209
0670/3/Kelowna,1994,feb,4.9,29.0,9.0,10.0,7.9,64,1,8,7,80,72.5 %,0.0 %,20.0 %,**,65.5 %,153,39,42,82,316,"165,000","175,000","190,000","225,000","185,000","195,186",65,150000,165000,185000,220000,175000,191982,192
0670/3/Kelowna,1994,jan,4.5,4.2,6.0,**,4.8,67,1,0,19,87,79.3 %,0.0 %,0.0 %,**,54.1 %,166,38,45,89,338,"160,000","176,000","219,000","275,000","190,000","224,933",68,150000,165000,185000,215000,175000,189473,204
0670/3/Kelowna,1994,jul,7.4,2.6,8.3,**,6.6,70,18,19,3,110,69.6 %,54.5 %,93.8 %,**,70.1 %,154,45,23,38,260,"129,000","148,000","175,000","210,000","165,000","171,107",88,135000,160000,185000,225000,175000,191073,199
0670/3/Kelowna,1994,jun,9.3,14.2,7.0,9.0,9.5,109,19,13,12,153,72.2 %,77.8 %,100.0 %,**,73.7 %,155,41,26,41,263,"150,000","170,000","194,000","275,000","175,000","207,281",128,140000,165000,185000,225000,175000,192666,196
0670/3/Kelowna,1994,mar,4.2,5.8,6.4,**,4.8,77,5,12,18,112,84.7 %,62.5 %,43.8 %,**,74.7 %,135,42,46,64,287,"135,000","161,000","175,000","225,000","170,000","183,091",82,145000,165000,185000,220000,175000,192876,177
0670/3/Kelowna,1994,may,4.6,9.8,6.0,**,5.1,84,6,8,17,115,67.4 %,37.5 %,83.3 %,**,66.0 %,149,42,35,53,279,"155,000","175,000","210,000","260,000","185,000","207,230",90,145000,165000,185000,225000,175000,192550,191
0670/3/Kelowna,1994,nov,5.1,5.0,**,**,5.1,108,12,9,4,133,69.3 %,50.0 %,**,**,67.7 %,174,50,5,51,280,"154,000","175,000","212,000","275,000","190,000","218,944",120,140000,165000,185000,230000,175000,194680,224
0670/3/Kelowna,1994,oct,3.8,4.3,**,13.0,5.6,116,14,6,29,165,80.2 %,50.0 %,**,100.0 %,81.0 %,168,52,14,55,289,"140,000","160,000","185,000","229,000","170,000","186,824",130,141000,165000,185000,225000,175000,193581,220
0670/3/Kelowna,1994,sep,3.6,3.4,8.0,**,4.5,75,9,26,8,118,65.9 %,43.8 %,88.5 %,**,67.7 %,173,52,20,56,301,"165,000","182,000","215,000","250,000","190,000","206,880",84,140000,165000,185000,225000,175000,193118,225
0670/3/Kelowna,1995,apr,5.1,5.3,**,15.1,8.4,114,9,1,61,185,77.8 %,66.7 %,**,85.5 %,79.5 %,118,40,44,124,326,"155,000","175,000","210,000","265,000","185,000","210,462",123,144000,163000,185000,225000,175000,192241,158
0670/3/Kelowna,1995,aug,3.9,6.0,15.7,**,6.1,74,6,14,12,106,73.1 %,100.0 %,55.6 %,**,71.0 %,110,31,64,92,297,"150,000","175,000","200,000","260,000","185,000","204,039",80,137000,164000,190000,241000,175000,199041,141
0670/3/Kelowna,1995,dec,3.2,9.5,3.2,**,3.5,61,8,31,5,105,82.0 %,75.0 %,100.0 %,**,86.0 %,76,30,42,95,243,"160,000","170,000","190,000","288,000","180,000","213,528",69,130000,155000,180000,250000,165000,196947,106
0670/3/Kelowna,1995,feb,4.9,40.0,19.0,**,13.5,42,16,17,4,79,79.4 %,100.0 %,39.4 %,**,62.0 %,144,35,43,82,304,"140,000","160,000","205,000","271,000","177,500","201,031",58,145000,165000,190000,230000,175000,198094,179
0670/3/Kelowna,1995,jan,4.6,5.0,7.1,10.0,6.1,49,9,12,19,89,85.0 %,12.5 %,50.0 %,57.1 %,65.0 %,152,47,27,86,312,"160,000","175,000","185,000","225,000","180,000","192,172",58,140000,160000,190000,230000,175000,196653,199
0670/3/Kelowna,1995,jul,3.4,26.6,10.7,**,7.8,85,19,16,24,144,73.8 %,31.3 %,50.0 %,**,63.8 %,106,33,60,104,303,"145,000","165,000","185,000","235,000","170,000","201,098",104,135000,165000,190000,245000,175000,197822,139
0670/3/Kelowna,1995,jun,8.5,6.5,**,9.0,8.4,113,16,2,14,145,68.4 %,87.5 %,**,30.0 %,63.4 %,111,36,56,128,331,"140,000","165,000","185,000","235,000","175,000","200,526",129,138000,165000,190000,250000,175000,199511,147
0670/3/Kelowna,1995,mar,3.7,4.5,6.0,16.9,13.2,35,6,2,49,92,91.7 %,62.5 %,25.0 %,48.5 %,56.4 %,133,37,45,130,345,"150,000","167,000","185,000","234,000","175,000","185,388",41,145000,165000,190000,225000,175000,196585,170
0670/3/Kelowna,1995,may,6.2,5.4,8.5,12.9,8.7,99,14,8,30,151,77.3 %,27.8 %,4.5 %,64.3 %,61.2 %,129,44,58,122,353,"150,000","185,000","220,000","275,000","215,000","210,659",113,135000,160000,180000,225000,170000,186439,173
0670/3/Kelowna,1995,nov,3.7,2.3,19.0,**,5.1,80,8,11,9,108,80.9 %,66.7 %,37.5 %,**,75.6 %,76,34,52,100,262,"155,000","175,000","206,000","258,000","182,500","200,052",88,131000,155000,175000,247000,165000,195874,110
0670/3/Kelowna,1995,oct,4.1,3.3,**,**,4.0,74,4,9,9,96,82.6 %,50.0 %,**,**,80.0 %,88,36,55,109,288,"155,000","175,000","190,000","250,000","180,000","206,547",78,135000,160000,180000,250000,165000,197037,124
0670/3/Kelowna,1995,sep,3.7,3.7,10.1,12.3,8.1,96,3,33,29,161,77.2 %,0.0 %,69.7 %,23.6 %,56.1 %,93,34,64,118,309,"150,000","169,000","211,000","240,000","180,000","198,740",99,135000,160000,180000,242000,165000,196998,127
0670/3/Kelowna,1996,apr,4.6,4.8,7.1,10.0,6.5,53,7,9,23,92,71.4 %,100.0 %,100.0 %,51.9 %,69.1 %,67,26,36,106,235,"150,000","168,000","180,000","248,000","175,000","189,037",60,135000,155000,177000,242000,165000,193248,93
0670/3/Kelowna,1996,aug,3.9,6.0,8.0,**,4.3,70,10,14,1,95,76.1 %,25.0 %,100.0 %,**,72.0 %,79,19,20,95,213,"155,000","170,000","185,000","258,000","175,000","199,583",80,140000,160000,182000,265000,170000,206745,98
0670/3/Kelowna,1996,dec,3.5,4.9,14.3,**,5.1,71,12,13,1,97,75.0 %,68.8 %,50.0 %,**,70.7 %,75,17,12,61,165,"155,000","174,000","191,000","270,000","180,000","202,923",83,145000,165000,195000,259000,180000,202736,92
0670/3/Kelowna,1996,feb,6.4,3.0,**,**,6.1,22,4,4,9,39,94.1 %,100.0 %,**,**,94.7 %,69,29,34,106,238,"155,000","166,000","222,000","321,000","202,500","263,318",26,135000,153000,180000,253000,165000,197752,98
0670/3/Kelowna,1996,jan,3.4,6.0,19.0,26.0,15.0,31,5,11,13,60,69.0 %,50.0 %,100.0 %,24.2 %,50.7 %,74,31,38,115,258,"137,000","155,000","165,000","214,000","160,000","187,916",36,135000,155000,180000,248000,165000,194854,105
0670/3/Kelowna,1996,jul,3.5,5.6,22.0,**,4.3,99,22,4,5,130,86.6 %,94.4 %,100.0 %,**,88.1 %,78,21,31,96,226,"147,000","165,000","185,000","240,000","180,000","196,203",121,140000,155000,180000,250000,165000,193655,99
0670/3/Kelowna,1996,jun,4.3,4.9,**,8.6,6.6,90,30,2,55,177,78.6 %,87.5 %,**,76.7 %,79.1 %,80,25,32,101,238,"135,000","155,000","175,000","239,000","165,000","189,953",120,136000,155000,178000,234000,160000,189462,105
0670/3/Kelowna,1996,mar,4.8,**,6.7,**,5.9,25,2,22,4,53,80.0 %,**,57.1 %,**,66.7 %,64,27,40,102,233,"146,000","161,000","185,000","244,000","180,000","193,496",27,135000,150000,180000,259000,165000,196370,91
0670/3/Kelowna,1996,may,5.5,6.8,6.0,**,5.8,77,13,7,10,107,74.4 %,61.1 %,100.0 %,**,73.3 %,72,31,34,96,233,"155,000","180,000","210,000","251,000","185,000","212,570",90,135000,148000,175000,236000,160000,189143,103
0670/3/Kelowna,1996,nov,3.9,3.0,13.0,10.0,6.2,74,11,9,7,101,74.4 %,100.0 %,75.0 %,**,76.1 %,82,13,13,62,170,"155,000","180,000","215,000","300,000","190,000","214,012",85,151000,170000,204000,254000,180000,207561,95
0670/3/Kelowna,1996,oct,4.4,8.5,**,**,5.0,93,17,1,19,130,88.9 %,75.0 %,**,**,86.8 %,74,18,18,69,179,"140,000","165,000","185,000","248,000","180,000","203,875",110,150000,166000,195000,262000,180000,205635,92
0670/3/Kelowna,1996,sep,4.2,3.1,9.4,**,4.5,88,16,11,7,122,81.4 %,75.0 %,70.0 %,**,79.5 %,77,19,19,88,203,"140,000","160,000","185,000","250,000","172,500","201,186",104,145000,160000,181000,258000,170000,203780,96
0670/3/Kelowna,1997,apr,4.7,2.5,4.0,**,4.5,74,5,3,10,92,77.6 %,50.0 %,66.7 %,**,75.0 %,69,13,10,51,143,"160,000","175,000","190,000","235,000","185,000","205,147",79,170000,215000,250000,305000,225000,245491,82
0670/3/Kelowna,1997,aug,4.7,6.5,23.0,**,7.8,87,11,16,2,116,72.4 %,58.3 %,76.5 %,**,71.7 %,97,17,41,49,204,"160,000","175,000","190,000","254,000","185,000","205,250",98,150000,170000,205000,250000,180000,206878,114
0670/3/Kelowna,1997,dec,4.1,4.6,9.0,**,4.4,85,18,7,5,115,78.4 %,81.3 %,50.0 %,**,77.8 %,89,22,38,65,214,"154,000","175,000","225,000","275,000","190,000","220,154",103,155000,170000,195000,250000,180000,201655,111
0670/3/Kelowna,1997,feb,4.6,7.0,11.9,17.2,13.0,39,4,12,83,138,74.3 %,100.0 %,72.7 %,88.1 %,83.3 %,60,11,11,58,140,"150,000","160,000","175,000","195,000","160,000","184,410",43,170000,210000,243000,285000,225000,225869,71
0670/3/Kelowna,1997,jan,3.1,10.2,**,**,4.8,48,16,0,4,68,83.8 %,83.3 %,**,**,83.7 %,64,13,12,57,146,"140,000","155,000","175,000","225,000","157,500","179,100",64,160000,190000,225000,275000,210000,216157,77
0670/3/Kelowna,1997,jul,4.8,5.5,14.6,**,7.1,114,18,14,6,152,84.8 %,80.0 %,37.1 %,**,74.3 %,86,16,40,51,193,"155,000","180,000","205,000","280,000","190,000","230,323",132,150000,170000,210000,272000,185000,212331,102
0670/3/Kelowna,1997,jun,4.8,4.4,7.7,11.1,6.0,90,14,11,43,158,73.5 %,70.6 %,54.5 %,57.7 %,69.1 %,88,14,19,57,178,"155,000","175,000","200,000","265,000","190,000","212,588",104,148000,180000,220000,282000,190000,218881,102
0670/3/Kelowna,1997,mar,3.6,3.0,**,10.0,6.4,35,3,1,25,64,81.8 %,100.0 %,**,67.9 %,76.2 %,58,10,10,61,139,"155,000","165,000","180,000","219,000","170,000","185,686",38,169000,210000,242000,285000,222500,235326,68
0670/3/Kelowna,1997,may,5.0,6.1,8.4,11.0,7.2,101,30,8,43,182,82.1 %,85.7 %,47.1 %,53.0 %,71.3 %,80,11,19,74,184,"157,000","180,000","205,000","256,000","190,000","208,031",131,165000,199000,250000,290000,222500,228049,91
0670/3/Kelowna,1997,nov,3.8,4.5,5.7,12.0,6.1,103,15,13,28,159,84.5 %,68.8 %,75.0 %,52.3 %,74.0 %,86,24,41,70,221,"160,000","180,000","207,000","267,000","195,000","221,975",118,147000,172000,205000,254000,182500,207578,110
0670/3/Kelowna,1997,oct,3.6,3.6,10.0,**,3.9,76,5,4,8,93,82.4 %,14.3 %,50.0 %,**,70.7 %,92,23,42,54,211,"167,000","184,000","210,000","248,000","192,500","207,906",81,146000,167000,200000,250000,175000,204566,115
0670/3/Kelowna,1997,sep,4.1,4.2,9.0,12.0,5.5,107,15,6,9,137,79.8 %,50.0 %,71.4 %,22.7 %,68.3 %,94,14,42,62,212,"150,000","175,000","190,000","237,000","185,000","198,111",122,158000,170000,205000,251000,175000,207446,108
0670/3/Kelowna,1998,apr,4.3,4.7,6.5,11.0,7.3,49,5,5,4,63,67.2 %,33.3 %,13.0 %,**,51.1 %,93,25,57,104,279,"160,000","185,000","195,000","235,000","190,000","200,674",54,160000,175000,192000,250000,185000,204448,118
0670/3/Kelowna,1998,aug,4.7,7.7,**,14.0,7.1,70,13,5,13,101,87.3 %,44.4 %,**,9.5 %,63.7 %,86,31,58,177,352,"160,000","180,000","198,000","275,000","187,500","221,599",83,168000,185000,208000,270000,190000,213868,117
0670/3/Kelowna,1998,dec,5.0,4.8,**,**,5.0,71,6,2,1,80,85.3 %,75.0 %,**,**,84.2 %,86,25,49,208,368,"170,000","195,000","225,000","275,000","215,000","229,161",77,170000,185000,205000,238000,190000,212226,111
0670/3/Kelowna,1998,feb,4.9,5.4,12.0,**,5.7,34,8,3,1,46,83.3 %,80.0 %,50.0 %,**,79.5 %,81,21,38,64,204,"175,000","195,000","225,000","285,000","215,000","244,271",42,160000,180000,210000,270000,187500,211996,102
0670/3/Kelowna,1998,jan,3.7,5.5,4.0,**,3.9,39,7,4,0,50,68.6 %,75.0 %,66.7 %,**,69.0 %,85,19,37,65,206,"155,000","165,000","185,000","240,000","180,000","189,737",46,160000,180000,210000,265000,190000,212488,104
0670/3/Kelowna,1998,jul,5.1,6.6,8.7,**,6.4,81,14,20,11,126,83.5 %,62.5 %,78.6 %,**,79.8 %,93,26,63,169,351,"170,000","185,000","210,000","258,000","195,000","225,798",95,165000,185000,210000,270000,190000,215967,119
0670/3/Kelowna,1998,jun,5.8,7.4,8.6,7.0,6.7,97,19,14,15,145,81.3 %,72.7 %,35.7 %,13.6 %,57.9 %,95,24,69,180,368,"170,000","195,000","226,000","275,000","215,000","235,965",116,165000,185000,200000,260000,190000,214306,119
0670/3/Kelowna,1998,mar,4.2,8.3,8.7,10.7,8.5,44,5,6,20,75,77.3 %,50.0 %,57.1 %,25.0 %,47.2 %,81,24,39,108,252,"170,000","190,000","225,000","290,000","202,500","228,347",49,147000,175000,198000,250000,180000,204287,105
0670/3/Kelowna,1998,may,5.0,5.3,7.0,9.3,6.7,119,12,6,39,176,83.6 %,75.0 %,75.0 %,38.4 %,65.5 %,96,21,55,151,323,"165,000","200,000","225,000","285,000","215,000","232,069",131,165000,180000,195000,250000,190000,207012,117
0670/3/Kelowna,1998,nov,4.3,3.0,**,**,4.2,74,7,0,8,89,78.6 %,0.0 %,**,**,76.4 %,89,23,51,209,372,"175,000","190,000","210,000","250,000","195,000","217,405",81,170000,185000,210000,250000,195000,217761,112
0670/3/Kelowna,1998,oct,4.3,6.5,**,10.0,7.0,87,12,4,39,142,76.8 %,58.3 %,**,39.8 %,59.5 %,93,28,51,217,389,"175,000","195,000","225,000","275,000","210,000","232,215",99,165000,180000,195000,238000,190000,209951,121
0670/3/Kelowna,1998,sep,4.8,5.3,**,**,4.8,61,9,3,4,77,75.0 %,33.3 %,**,**,71.2 %,85,28,55,173,341,"162,000","190,000","216,000","273,000","205,000","216,000",70,170000,185000,197000,262000,190000,214135,113
0670/3/Kelowna,1999,apr,6.4,10.5,**,**,6.6,66,3,2,16,87,74.7 %,50.0 %,**,**,73.4 %,83,20,36,176,315,"190,000","210,000","240,000","306,000","220,000","248,015",69,170000,185000,215000,250000,195000,218517,103
0670/3/Kelowna,1999,aug,4.4,7.2,**,**,4.8,75,12,4,18,109,67.9 %,50.0 %,**,**,65.6 %,86,15,19,127,247,"180,000","197,000","220,000","248,000","215,000","231,599",87,170000,190000,215000,248000,205000,213137,101
0670/3/Kelowna,1999,dec,4.3,5.2,**,**,4.4,85,13,0,2,100,72.8 %,75.0 %,**,**,73.1 %,83,12,15,105,215,"170,000","195,000","232,000","292,000","215,000","239,779",98,175000,200000,220000,250000,210000,215387,95
0670/3/Kelowna,1999,feb,4.6,9.3,**,**,5.8,24,7,2,3,36,58.3 %,50.0 %,**,**,56.3 %,76,23,43,197,339,"175,000","185,000","205,000","240,000","192,500","215,455",31,170000,180000,205000,245000,190000,211495,99
0670/3/Kelowna,1999,jan,3.9,9.0,**,**,4.3,32,5,4,8,49,90.9 %,100.0 %,**,**,91.7 %,76,22,45,200,343,"165,000","186,000","219,000","313,000","202,500","216,227",37,175000,185000,207000,241000,195000,214317,98
0670/3/Kelowna,1999,jul,4.1,3.5,9.0,**,4.4,68,4,6,19,97,73.4 %,50.0 %,33.3 %,**,69.7 %,83,15,23,145,266,"170,000","188,000","210,000","270,000","200,000","214,660",72,160000,185000,207000,241000,195000,210452,98
0670/3/Kelowna,1999,jun,7.0,11.0,**,**,7.1,82,6,0,3,91,83.8 %,100.0 %,**,**,84.2 %,72,15,23,164,274,"175,000","195,000","240,000","322,000","217,500","241,094",88,170000,185000,210000,254000,195000,215625,87
0670/3/Kelowna,1999,mar,4.1,6.3,**,**,4.5,28,10,5,5,48,76.9 %,66.7 %,**,**,75.0 %,74,19,38,192,323,"173,000","185,000","207,000","263,000","192,500","204,745",38,170000,185000,205000,245000,190000,212400,93
0670/3/Kelowna,1999,may,6.3,6.5,**,**,6.4,53,9,13,9,84,84.0 %,87.5 %,**,**,84.5 %,80,19,23,167,289,"175,000","210,000","229,000","325,000","215,000","234,398",62,170000,190000,210000,245000,195000,217987,99
0670/3/Kelowna,1999,nov,3.4,5.8,5.0,**,3.8,34,4,4,15,57,51.1 %,50.0 %,66.7 %,**,51.7 %,88,13,15,107,223,"175,000","210,000","225,000","275,000","220,000","222,353",38,175000,200000,220000,270000,215000,221917,101
0670/3/Kelowna,1999,oct,4.0,5.0,**,9.0,4.8,91,5,2,8,106,87.2 %,100.0 %,**,0.0 %,74.0 %,75,9,16,122,222,"175,000","204,000","230,000","293,000","215,000","230,102",96,171000,195000,220000,270000,210000,221425,84
0670/3/Kelowna,1999,sep,4.1,7.0,**,**,4.3,78,9,1,13,101,79.2 %,83.3 %,**,**,79.5 %,80,12,18,114,224,"180,000","205,000","225,000","266,000","220,000","230,366",87,170000,192000,220000,272000,210000,219663,92
0670/3/Kelowna,2000,apr,4.5,5.8,5.6,10.0,6.1,42,8,6,11,67,59.4 %,87.5 %,27.8 %,33.3 %,54.2 %,75,9,23,85,192,"183,000","211,000","238,000","275,000","222,500","225,170",50,181000,212000,230000,266000,220000,225177,84
0670/3/Kelowna,2000,aug,3.7,**,**,**,3.7,65,0,6,4,75,78.6 %,**,**,**,78.6 %,69,4,34,76,183,"190,000","220,000","240,000","341,000","235,000","261,115",65,180000,210000,230000,270000,220000,226667,73
0670/3/Kelowna,2000,dec,3.8,**,**,**,3.8,66,1,2,0,69,88.9 %,**,**,**,88.9 %,69,14,29,57,169,"180,000","214,000","252,000","340,000","227,500","267,089",67,184000,210000,227000,276000,215000,232506,83
0670/3/Kelowna,2000,feb,4.2,3.0,**,**,4.1,32,7,1,3,43,80.0 %,100.0 %,**,**,81.5 %,59,9,12,98,178,"178,000","195,000","224,000","266,000","212,500","218,082",39,175000,200000,225000,270000,215000,217101,68
0670/3/Kelowna,2000,jan,4.1,3.0,**,**,4.0,47,2,2,4,55,96.7 %,50.0 %,**,**,91.2 %,66,14,13,101,194,"183,000","201,000","220,000","250,000","215,000","227,106",49,170000,190000,220000,250000,205000,216145,80
0670/3/Kelowna,2000,jul,3.6,4.6,7.0,**,4.7,60,12,2,0,74,80.9 %,100.0 %,0.0 %,**,76.7 %,78,4,40,80,202,"185,000","197,000","234,000","275,000","217,500","240,664",72,180000,210000,230000,267000,220000,230478,82
0670/3/Kelowna,2000,jun,4.0,2.3,**,**,3.9,46,5,1,2,54,60.0 %,33.3 %,**,**,58.5 %,91,8,37,80,216,"190,000","225,000","252,000","340,000","242,500","258,778",51,180000,209000,230000,271000,220000,226405,99
0670/3/Kelowna,2000,mar,4.8,**,**,**,4.8,42,0,1,8,51,91.9 %,**,**,**,91.9 %,54,9,11,90,164,"180,000","201,000","219,000","230,000","210,000","217,238",42,175000,195000,225000,275000,215000,219633,63
0670/3/Kelowna,2000,may,4.8,17.0,6.5,**,5.5,50,1,3,3,57,62.9 %,50.0 %,5.6 %,**,50.0 %,87,10,38,82,217,"195,000","227,000","273,000","325,000","240,000","268,338",51,178000,205000,230000,275000,220000,226627,97
0670/3/Kelowna,2000,nov,3.4,6.3,5.0,10.0,5.4,73,9,1,1,84,69.9 %,75.0 %,0.0 %,**,65.1 %,81,15,31,57,184,"175,000","216,000","240,000","271,000","230,000","230,267",82,180000,210000,225000,275000,215000,232603,96
0670/3/Kelowna,2000,oct,4.0,5.3,**,10.0,6.8,59,9,4,18,90,67.1 %,40.0 %,**,**,61.3 %,81,20,26,58,185,"185,000","210,000","240,000","325,000","225,000","259,190",68,180000,210000,226000,273000,215000,231097,101
0670/3/Kelowna,2000,sep,3.9,3.8,**,**,3.9,51,3,4,0,58,79.6 %,37.5 %,**,**,73.7 %,67,9,30,76,182,"185,000","223,000","275,000","350,000","260,000","289,824",54,180000,220000,230000,272000,225000,226167,76
0670/3/Kelowna,2001,apr,5.3,10.0,**,7.0,6.2,57,4,6,0,67,69.5 %,50.0 %,**,**,68.9 %,68,10,17,47,142,"180,000","216,000","284,000","397,000","245,000","278,918",61,190000,215000,245000,275000,220000,235821,78
0670/3/Kelowna,2001,aug,4.3,4.8,9.0,11.0,7.3,53,3,0,31,87,76.4 %,37.5 %,**,75.0 %,72.8 %,69,15,8,51,143,"185,000","228,000","277,000","372,000","245,000","295,491",56,175000,205000,245000,275000,220000,233476,84
0670/3/Kelowna,2001,dec,3.7,11.5,12.1,**,9.2,38,0,1,1,40,82.8 %,0.0 %,100.0 %,**,78.1 %,63,8,3,36,110,"190,000","221,000","259,000","354,000","245,000","267,816",38,194000,225000,255000,287000,245000,252817,71
0670/3/Kelowna,2001,feb,4.9,4.5,**,**,4.8,23,5,3,2,33,72.7 %,100.0 %,**,**,76.9 %,69,13,26,49,157,"173,000","188,000","225,000","277,000","195,000","224,130",28,188000,210000,220000,270000,215000,227220,82
0670/3/Kelowna,2001,jan,4.1,6.0,**,**,4.2,22,2,0,6,30,73.9 %,50.0 %,**,**,72.0 %,70,14,29,51,164,"186,000","231,000","273,000","375,000","250,000","291,500",24,185000,210000,220000,270000,215000,229071,84
0670/3/Kelowna,2001,jul,4.9,4.0,**,**,4.9,56,3,1,0,60,76.6 %,50.0 %,**,**,75.5 %,67,10,8,42,127,"185,000","210,000","266,000","294,000","240,000","262,339",59,178000,210000,245000,277000,230000,233026,77
0670/3/Kelowna,2001,jun,4.1,8.0,**,**,4.2,40,3,3,1,47,58.8 %,50.0 %,**,**,58.5 %,76,11,9,42,138,"185,000","252,000","275,000","375,000","265,000","293,825",43,190000,216000,245000,282000,230000,239644,87
0670/3/Kelowna,2001,mar,4.7,5.0,**,**,4.8,31,5,3,2,41,75.0 %,50.0 %,**,**,71.9 %,66,12,23,47,148,"190,000","214,000","273,000","350,000","250,000","264,389",36,184000,210000,220000,265000,215000,224128,78
0670/3/Kelowna,2001,may,4.3,7.0,**,**,4.5,52,2,5,4,63,70.0 %,50.0 %,**,**,68.5 %,66,12,12,43,133,"188,000","221,000","275,000","325,000","245,000","263,250",54,189000,215000,245000,275000,230000,235731,78
0670/3/Kelowna,2001,nov,3.5,**,**,**,3.5,58,2,0,2,62,80.4 %,**,**,**,80.4 %,72,6,3,37,118,"190,000","223,000","277,000","325,000","255,000","269,897",60,198000,230000,255000,307000,250000,253679,78
0670/3/Kelowna,2001,oct,3.5,7.0,**,**,3.7,58,8,0,6,72,66.7 %,100.0 %,**,**,68.6 %,74,8,3,39,124,"180,000","218,000","250,000","371,000","227,500","252,682",66,190000,225000,255000,295000,250000,250939,82
0670/3/Kelowna,2001,sep,3.9,5.0,**,**,3.9,57,5,5,6,73,68.5 %,50.0 %,**,**,67.9 %,66,12,3,45,126,"181,000","220,000","279,000","375,000","255,000","272,726",62,189000,215000,250000,285000,232500,245346,78
0670/3/Kelowna,2002,apr,5.0,6.5,49.0,12.0,8.8,68,4,3,37,112,82.4 %,75.0 %,66.7 %,75.0 %,78.9 %,42,4,3,27,76,"224,000","245,000","280,000","342,000","260,000","289,629",72,194000,230000,260000,322000,240000,254776,46
0670/3/Kelowna,2002,aug,4.7,8.3,6.6,10.0,7.0,79,11,20,2,112,90.1 %,83.3 %,100.0 %,**,91.2 %,43,3,5,18,69,"225,000","260,000","290,000","330,000","275,000","272,552",90,209000,235000,254000,302000,240000,257847,46
0670/3/Kelowna,2002,dec,5.5,5.5,**,**,5.5,96,5,1,0,102,91.5 %,100.0 %,**,**,91.8 %,50,9,6,16,81,"215,000","250,000","300,000","350,000","277,500","296,875",101,226000,242000,260000,324000,250000,260878,59
0670/3/Kelowna,2002,feb,3.8,5.0,**,**,3.9,35,5,0,5,45,89.3 %,100.0 %,**,**,90.0 %,49,4,3,18,74,"186,000","221,000","253,000","278,000","240,000","238,925",40,200000,235000,255000,295000,245000,251657,53
0670/3/Kelowna,2002,jan,6.1,11.0,4.0,**,5.3,38,3,0,13,54,90.3 %,100.0 %,**,**,90.9 %,56,7,3,23,89,"184,000","223,000","272,000","352,000","240,000","270,697",41,192000,229000,255000,283000,242500,248778,63
0670/3/Kelowna,2002,jul,4.3,9.3,4.0,**,4.7,82,8,0,5,95,92.3 %,100.0 %,**,**,92.9 %,41,2,5,20,68,"205,000","240,000","274,000","350,000","252,500","276,137",90,222000,240000,265000,334000,250000,271776,43
0670/3/Kelowna,2002,jun,4.9,12.0,51.0,**,6.8,79,6,1,0,86,86.3 %,100.0 %,33.3 %,**,85.1 %,45,4,5,25,79,"230,000","250,000","280,000","350,000","260,000","287,013",85,199000,235000,271000,324000,260000,262796,49
0670/3/Kelowna,2002,mar,4.8,**,**,**,4.8,47,0,0,2,49,95.0 %,**,**,**,95.0 %,42,4,3,16,65,"200,000","256,000","284,000","316,000","270,000","266,198",47,203000,235000,259000,331000,242500,257126,46
0670/3/Kelowna,2002,may,4.4,7.1,6.2,8.6,6.4,66,10,0,2,78,82.4 %,75.0 %,**,**,81.3 %,44,6,3,25,78,"207,000","240,000","260,000","330,000","250,000","259,049",76,215000,240000,270000,350000,257500,270478,50
0670/3/Kelowna,2002,nov,4.5,6.4,7.0,10.5,7.5,83,4,14,34,135,80.9 %,40.0 %,87.5 %,91.9 %,81.5 %,52,10,7,16,85,"235,000","258,000","304,000","370,000","280,000","302,178",87,215000,240000,254000,304000,250000,253929,62
0670/3/Kelowna,2002,oct,4.1,4.0,**,**,4.1,65,3,0,1,69,86.8 %,75.0 %,**,**,86.1 %,41,4,5,13,63,"230,000","247,000","284,000","348,000","270,000","314,316",68,224000,240000,260000,306000,250000,260276,45
0670/3/Kelowna,2002,sep,5.1,4.5,**,**,5.0,87,2,0,4,93,95.1 %,100.0 %,**,**,95.2 %,38,3,5,14,60,"223,000","240,000","270,000","312,000","245,000","266,436",89,214000,235000,250000,298000,240000,253639,41
0670/3/Kelowna,2003,apr,5.1,6.0,**,15.0,12.0,82,3,1,211,297,93.8 %,75.0 %,**,96.8 %,95.7 %,50,9,4,25,88,"210,000","250,000","280,000","344,000","260,000","281,591",85,216000,247000,273000,348000,260000,273380,59
0670/3/Kelowna,2003,aug,4.9,7.7,**,13.0,6.7,125,7,0,28,160,88.3 %,100.0 %,**,73.5 %,85.6 %,44,5,3,17,69,"230,000","255,000","288,000","425,000","270,000","321,026",132,230000,275000,320000,370000,287500,323149,49
0670/3/Kelowna,2003,dec,5.2,9.4,14.0,11.2,7.7,100,15,4,46,165,89.3 %,87.5 %,100.0 %,80.4 %,86.6 %,46,9,2,26,83,"240,000","284,000","350,000","448,000","325,000","384,958",115,260000,299000,350000,433000,330000,364045,55
0670/3/Kelowna,2003,feb,4.8,6.0,**,64.0,28.5,71,3,1,38,113,91.2 %,75.0 %,**,70.0 %,82.0 %,55,9,5,27,96,"212,000","250,000","281,000","336,000","260,000","295,290",74,195000,240000,265000,338000,250000,264280,64
0670/3/Kelowna,2003,jan,5.0,7.0,32.0,**,6.2,51,1,3,1,56,76.3 %,**,100.0 %,**,77.4 %,58,8,6,15,87,"240,000","258,000","290,000","350,000","270,000","292,692",52,196000,240000,260000,313000,250000,257126,66
0670/3/Kelowna,2003,jul,5.3,9.8,**,14.0,7.4,123,10,0,34,167,92.4 %,100.0 %,**,89.2 %,92.2 %,49,6,3,11,69,"204,000","240,000","274,000","391,000","260,000","300,214",133,230000,250000,290000,350000,270000,299716,55
0670/3/Kelowna,2003,jun,5.0,6.6,18.5,5.0,7.6,87,8,20,7,122,88.9 %,100.0 %,100.0 %,**,91.5 %,53,6,3,8,70,"193,000","260,000","338,000","454,000","280,000","333,195",95,229000,256000,292000,350000,275000,294207,59
0670/3/Kelowna,2003,mar,4.6,6.3,**,**,4.8,47,5,0,7,59,90.9 %,100.0 %,**,**,91.7 %,52,8,5,20,85,"185,000","242,000","290,000","354,000","250,000","280,845",52,201000,246000,270000,340000,260000,267952,60
0670/3/Kelowna,2003,may,4.9,6.6,**,**,5.1,86,11,1,10,108,90.7 %,100.0 %,**,**,91.5 %,50,6,3,15,74,"212,000","258,000","300,000","386,000","282,500","301,181",97,222000,260000,304000,350000,272500,289478,56
0670/3/Kelowna,2003,nov,5.3,6.8,18.0,9.0,6.9,78,11,2,41,132,90.8 %,100.0 %,100.0 %,85.1 %,89.5 %,43,8,2,16,69,"240,000","270,000","320,000","426,000","292,500","351,219",89,254000,300000,334000,430000,320000,354165,51
0670/3/Kelowna,2003,oct,4.6,6.5,12.0,6.0,5.5,113,3,15,1,132,89.3 %,50.0 %,100.0 %,**,89.2 %,45,11,2,10,68,"240,000","283,000","347,000","425,000","320,000","337,532",116,250000,297000,336000,419000,320000,324434,56
0670/3/Kelowna,2003,sep,5.2,9.8,11.0,**,5.7,93,3,4,6,106,89.5 %,37.5 %,100.0 %,**,86.0 %,46,10,3,11,70,"219,000","260,000","304,000","362,000","285,000","310,825",96,240000,279000,326000,430000,320000,326277,56
0670/3/Kelowna,2004,apr,5.5,8.0,8.0,16.0,9.6,75,2,7,1,85,81.0 %,100.0 %,100.0 %,**,82.4 %,50,10,1,2,63,"260,000","295,000","326,000","424,000","300,000","357,824",77,263000,327000,366000,460000,340000,378479,60
0670/3/Kelowna,2004,aug,6.1,6.6,5.5,16.0,8.2,109,10,6,28,153,91.9 %,100.0 %,100.0 %,81.3 %,90.5 %,57,14,1,25,97,"270,000","350,000","430,000","550,000","395,000","406,823",119,280000,320000,360000,423000,340000,365522,71
0670/3/Kelowna,2004,dec,6.8,8.8,8.0,**,6.9,113,6,4,0,123,88.5 %,75.0 %,100.0 %,**,88.0 %,86,14,1,14,115,"278,000","333,000","408,000","550,000","360,000","417,041",119,296000,360000,400000,450000,372500,392975,100
0670/3/Kelowna,2004,feb,5.6,10.7,**,13.0,8.7,67,5,0,10,82,89.4 %,83.3 %,**,**,88.9 %,44,10,4,5,63,"256,000","315,000","350,000","485,000","330,000","376,585",72,260000,295000,340000,425000,312500,356845,54
0670/3/Kelowna,2004,jan,4.8,11.0,7.0,10.9,7.6,53,6,1,49,109,92.3 %,100.0 %,33.3 %,94.7 %,91.9 %,45,9,4,15,73,"250,000","276,000","350,000","452,000","315,000","349,626",59,260000,290000,340000,429000,320000,355280,54
0670/3/Kelowna,2004,jul,5.4,7.0,**,10.0,6.4,120,10,0,16,146,89.4 %,90.0 %,**,44.4 %,79.9 %,67,14,1,21,103,"252,000","337,000","423,000","494,000","360,000","417,727",130,266000,319000,360000,423000,330000,355967,81
0670/3/Kelowna,2004,jun,5.9,10.5,**,**,6.6,112,18,0,0,130,88.6 %,81.8 %,**,**,87.5 %,64,14,1,1,80,"270,000","337,000","440,000","497,000","370,000","419,376",130,272000,328000,360000,432000,350000,370883,78
0670/3/Kelowna,2004,mar,5.5,7.0,**,11.0,7.5,90,4,1,58,153,93.1 %,75.0 %,**,100.0 %,95.2 %,41,10,3,3,57,"270,000","285,000","305,000","398,000","290,000","344,173",94,257000,300000,350000,428000,325000,366632,51
0670/3/Kelowna,2004,may,6.5,5.0,**,10.0,6.6,135,2,0,1,138,87.1 %,100.0 %,**,**,87.2 %,62,10,1,1,74,"270,000","315,000","398,000","492,000","350,000","381,851",137,285000,331000,360000,440000,350000,373712,72
0670/3/Kelowna,2004,nov,6.3,9.2,7.0,13.4,9.7,79,13,6,92,190,72.1 %,100.0 %,100.0 %,100.0 %,87.6 %,86,12,1,14,113,"290,000","335,000","380,000","480,000","360,000","377,653",92,300000,360000,400000,450000,370000,387196,98
0670/3/Kelowna,2004,oct,5.7,7.6,**,**,5.9,119,15,0,5,139,82.6 %,100.0 %,**,**,84.2 %,79,13,1,16,109,"260,000","330,000","380,000","450,000","355,000","358,224",134,293000,350000,380000,440000,360000,380830,92
0670/3/Kelowna,2004,sep,6.2,8.3,7.0,**,6.5,105,18,4,4,131,88.9 %,94.4 %,75.0 %,**,89.2 %,60,14,1,21,96,"250,000","320,000","375,000","471,000","350,000","392,881",123,280000,330000,360000,425000,360000,369486,74
0670/3/Kelowna,2005,apr,7.2,8.8,5.0,**,7.3,116,20,8,18,162,89.7 %,100.0 %,100.0 %,**,91.6 %,63,14,9,12,98,"270,000","314,000","360,000","435,000","325,000","361,280",136,298000,360000,430000,500000,380000,413479,77
0670/3/Kelowna,2005,aug,6.4,7.5,10.6,14.0,8.9,107,12,19,48,186,89.9 %,75.0 %,100.0 %,100.0 %,92.6 %,64,20,2,12,98,"330,000","355,000","420,000","504,000","375,000","412,660",119,300000,375000,430000,500000,400000,426778,84
0670/3/Kelowna,2005,dec,7.2,12.4,**,10.0,8.4,104,9,2,11,126,100.0 %,100.0 %,**,100.0 %,100.0 %,49,9,2,9,69,"340,000","380,000","430,000","490,000","410,000","429,360",113,340000,395000,440000,520000,425000,436417,58
0670/3/Kelowna,2005,feb,6.2,12.0,4.8,10.0,7.3,88,2,3,25,118,88.6 %,100.0 %,25.0 %,48.7 %,73.7 %,76,14,6,29,125,"308,000","340,000","380,000","480,000","360,000","398,417",90,290000,360000,400000,450000,372500,396573,90
0670/3/Kelowna,2005,jan,6.6,10.5,10.0,15.0,11.2,53,4,3,58,118,97.7 %,100.0 %,100.0 %,94.9 %,96.3 %,76,14,1,15,106,"359,000","400,000","485,000","562,000","440,000","483,418",57,291000,350000,400000,450000,370000,388438,90
0670/3/Kelowna,2005,jul,6.5,8.5,8.4,10.0,7.8,103,13,44,42,202,88.5 %,100.0 %,97.4 %,91.3 %,91.5 %,72,20,3,13,108,"300,000","330,000","372,000","464,000","350,000","401,493",116,300000,362000,430000,494000,395000,421855,92
0670/3/Kelowna,2005,jun,6.7,9.9,10.1,**,7.4,112,10,23,6,151,83.6 %,64.3 %,100.0 %,**,83.9 %,71,21,9,9,110,"325,000","375,000","455,000","580,000","420,000","460,520",122,300000,360000,430000,490000,387500,418225,92
0670/3/Kelowna,2005,mar,6.4,8.6,7.5,12.0,7.5,75,6,16,16,113,91.5 %,60.0 %,78.9 %,64.7 %,82.9 %,72,18,9,30,129,"310,000","350,000","383,000","458,000","370,000","390,555",81,282000,360000,416000,472000,377500,400609,90
0670/3/Kelowna,2005,may,6.5,9.8,9.2,17.5,12.9,82,5,26,155,268,84.9 %,62.5 %,63.3 %,96.2 %,88.3 %,67,17,13,15,112,"300,000","330,000","375,000","464,000","350,000","445,782",87,285000,360000,430000,490000,382500,411455,84
0670/3/Kelowna,2005,nov,6.3,8.7,6.5,**,6.5,83,9,8,0,100,89.9 %,75.0 %,100.0 %,**,90.1 %,55,10,4,9,78,"330,000","350,000","404,000","522,000","370,000","418,677",92,341000,395000,440000,516000,425000,432214,65
0670/3/Kelowna,2005,oct,6.6,8.3,10.5,13.0,8.2,85,9,8,29,131,89.0 %,100.0 %,100.0 %,100.0 %,92.6 %,59,15,4,9,87,"326,000","360,000","416,000","460,000","385,000","397,886",94,300000,380000,425000,490000,400000,411688,74
0670/3/Kelowna,2005,sep,7.0,11.8,8.4,20.0,11.2,103,12,27,59,201,89.1 %,100.0 %,93.1 %,100.0 %,93.5 %,62,18,4,12,96,"294,000","350,000","430,000","502,000","380,000","432,654",115,300000,362000,423000,488000,395000,400120,80
0670/3/Kelowna,2006,apr,8.8,9.3,8.2,17.0,9.0,89,12,23,5,129,85.3 %,100.0 %,100.0 %,**,89.1 %,47,11,0,6,64,"360,000","440,000","530,000","825,000","465,000","607,543",101,348000,430000,498000,733000,450000,491416,58
0670/3/Kelowna,2006,aug,7.7,11.7,11.5,19.9,14.1,91,19,9,83,202,84.8 %,85.0 %,90.0 %,64.2 %,74.7 %,56,12,1,48,117,"390,000","457,000","500,000","639,000","467,500","535,911",110,364000,438000,500000,643000,480000,543170,68
0670/3/Kelowna,2006,dec,7.6,7.0,**,15.7,11.9,61,6,2,59,128,86.2 %,100.0 %,**,75.6 %,80.7 %,66,20,0,78,164,"424,000","467,000","534,000","600,000","500,000","515,809",67,375000,448000,541000,630000,495000,592042,86
0670/3/Kelowna,2006,feb,8.5,7.0,8.9,32.0,22.8,48,6,15,111,180,93.0 %,100.0 %,100.0 %,100.0 %,98.3 %,36,9,1,8,54,"350,000","416,000","485,000","576,000","450,000","538,219",54,316000,400000,432000,566000,422500,506498,45
0670/3/Kelowna,2006,jan,6.7,8.5,8.1,**,7.0,75,4,17,0,96,98.6 %,100.0 %,100.0 %,**,98.9 %,41,9,1,9,60,"330,000","367,000","428,000","554,000","395,000","479,889",79,316000,399000,440000,526000,425000,439348,50
0670/3/Kelowna,2006,jul,7.5,12.3,8.7,16.4,13.3,89,16,9,190,304,91.1 %,100.0 %,100.0 %,98.4 %,96.4 %,55,11,0,8,74,"360,000","430,000","495,000","600,000","460,000","497,182",105,360000,434000,496000,608000,460000,477534,66
0670/3/Kelowna,2006,jun,8.1,9.2,10.3,13.5,9.9,99,10,9,28,146,90.1 %,100.0 %,100.0 %,100.0 %,93.2 %,54,11,0,6,71,"340,000","400,000","470,000","560,000","430,000","477,084",109,350000,440000,500000,640000,460000,485511,65
0670/3/Kelowna,2006,mar,6.9,11.0,8.3,23.6,14.8,78,12,21,10,121,86.7 %,85.7 %,95.2 %,76.9 %,87.0 %,41,11,1,11,64,"358,000","420,000","460,000","530,000","430,000","452,197",90,316000,408000,466000,630000,425000,515654,52
0670/3/Kelowna,2006,may,7.4,10.2,8.0,13.4,9.8,96,8,14,58,176,86.1 %,100.0 %,100.0 %,98.3 %,91.8 %,52,11,0,7,70,"380,000","439,000","503,000","650,000","470,000","563,167",104,374000,440000,504000,710000,490000,513613,63
0670/3/Kelowna,2006,nov,7.9,9.5,4.0,12.9,10.8,56,13,3,110,182,84.4 %,83.3 %,100.0 %,100.0 %,93.6 %,69,22,2,59,152,"408,000","480,000","530,000","724,000","500,000","584,494",69,364000,430000,520000,623000,470000,570225,91
0670/3/Kelowna,2006,oct,7.0,10.1,32.5,20.2,16.1,72,7,24,75,178,85.5 %,38.9 %,100.0 %,70.9 %,76.5 %,61,23,2,60,146,"376,000","450,000","528,000","629,000","480,000","525,912",79,350000,430000,490000,600000,457500,558491,84
0670/3/Kelowna,2006,sep,7.4,14.0,9.5,**,8.0,124,4,43,16,187,86.4 %,75.0 %,95.5 %,**,88.4 %,57,12,2,32,103,"400,000","470,000","520,000","640,000","490,000","574,978",128,350000,440000,490000,610000,470000,584629,69
0670/3/Kelowna,2007,apr,9.9,9.0,8.5,17.5,13.6,89,10,23,123,245,88.9 %,100.0 %,88.5 %,99.1 %,94.1 %,65,15,3,30,113,"395,000","430,000","490,000","580,000","450,000","567,642",99,462000,545000,619000,737000,590000,642936,80
0670/3/Kelowna,2007,aug,8.6,11.4,18.2,17.5,13.7,88,9,25,107,229,85.6 %,90.0 %,100.0 %,100.0 %,93.9 %,48,10,1,24,83,"479,000","548,000","605,000","766,000","575,000","664,288",97,446000,546000,604000,724000,585000,665773,58
0670/3/Kelowna,2007,dec,8.8,16.6,**,**,9.6,79,11,1,29,120,85.2 %,100.0 %,**,**,86.8 %,69,12,1,1,83,"530,000","590,000","695,000","930,000","650,000","700,122",90,470000,570000,630000,800000,600000,688236,81
0670/3/Kelowna,2007,feb,9.3,11.3,7.9,19.0,13.8,51,14,18,102,185,91.5 %,100.0 %,100.0 %,100.0 %,97.1 %,73,14,0,46,133,"430,000","492,000","558,000","694,000","540,000","622,977",65,430000,536000,595000,713000,560000,614019,87
0670/3/Kelowna,2007,jan,8.7,5.0,9.0,21.0,12.8,57,2,8,39,106,76.5 %,100.0 %,100.0 %,90.5 %,83.3 %,77,20,0,81,178,"458,000","515,000","580,000","688,000","530,000","595,457",59,380000,452000,554000,636000,510000,591361,97
0670/3/Kelowna,2007,jul,9.5,17.0,10.4,**,9.7,83,8,7,1,99,91.5 %,100.0 %,100.0 %,**,92.3 %,46,9,1,27,83,"440,000","525,000","584,000","703,000","550,000","616,510",91,438000,569000,631000,740000,600000,696192,55
0670/3/Kelowna,2007,jun,8.0,9.7,13.0,16.0,8.8,107,6,4,8,125,96.9 %,100.0 %,100.0 %,88.9 %,96.6 %,47,15,1,28,91,"420,000","460,000","567,000","692,000","500,000","574,442",113,460000,558000,630000,890000,600000,676156,62
0670/3/Kelowna,2007,mar,8.6,12.3,**,**,9.0,68,5,0,6,79,93.2 %,50.0 %,**,**,88.1 %,64,17,0,40,121,"438,000","503,000","570,000","660,000","537,500","571,631",73,391000,456000,562000,660000,530000,624682,81
0670/3/Kelowna,2007,may,9.2,13.3,11.0,**,9.6,89,6,10,3,108,91.4 %,100.0 %,100.0 %,**,92.6 %,57,15,1,27,100,"440,000","505,000","580,000","700,000","550,000","619,273",95,460000,551000,623000,894000,595000,671117,72
0670/3/Kelowna,2007,nov,8.9,10.0,8.3,**,8.9,62,6,8,20,96,81.5 %,100.0 %,88.9 %,**,83.8 %,67,13,2,30,112,"476,000","540,000","604,000","704,000","567,500","624,453",68,466000,581000,634000,812000,600000,692201,80
0670/3/Kelowna,2007,oct,9.7,13.6,11.0,13.4,11.5,93,27,49,84,253,84.0 %,96.4 %,98.0 %,100.0 %,93.1 %,64,13,1,50,128,"470,000","524,000","590,000","729,000","530,000","645,983",120,470000,580000,630000,800000,600000,690756,77
0670/3/Kelowna,2007,sep,9.4,15.0,14.7,19.6,16.3,92,4,39,221,356,84.2 %,50.0 %,100.0 %,89.1 %,88.3 %,57,12,0,51,120,"429,000","480,000","568,000","654,000","500,000","623,066",96,498000,590000,647000,800000,600000,705763,69
0670/3/Kelowna,2008,apr,9.2,15.3,11.3,22.0,18.2,85,8,12,266,371,81.7 %,50.0 %,85.7 %,98.9 %,92.3 %,75,19,3,13,110,"480,000","534,000","630,000","738,000","600,000","764,258",93,470000,565000,630000,760000,605000,717168,94
0670/3/Kelowna,2008,aug,9.7,10.8,14.6,17.4,14.0,76,7,16,121,220,75.0 %,50.0 %,100.0 %,100.0 %,88.7 %,107,20,12,18,157,"530,000","594,000","693,000","984,000","625,000","756,126",83,516000,602000,658000,884000,630000,766769,127
0670/3/Kelowna,2008,dec,8.2,**,12.2,15.0,13.1,32,0,19,78,129,65.9 %,**,94.4 %,63.4 %,67.0 %,185,23,47,107,362,"500,000","534,000","650,000","800,000","590,000","628,309",32,525000,590000,660000,802000,625000,717290,208
0670/3/Kelowna,2008,feb,12.8,16.1,14.0,20.0,16.1,75,13,28,73,189,82.1 %,92.9 %,100.0 %,89.0 %,88.1 %,69,10,1,10,90,"372,000","450,000","548,000","680,000","505,000","639,599",88,500000,600000,660000,890000,630000,774813,79
0670/3/Kelowna,2008,jan,7.8,15.7,13.0,15.8,12.0,75,9,20,70,174,94.4 %,83.3 %,100.0 %,100.0 %,97.0 %,66,9,1,1,77,"441,000","470,000","536,000","668,000","520,000","598,494",84,497000,578000,630000,818000,600000,709319,75
0670/3/Kelowna,2008,jul,9.6,14.2,24.9,15.0,13.9,99,11,41,61,212,77.6 %,100.0 %,100.0 %,93.5 %,86.8 %,99,17,12,18,146,"545,000","620,000","720,000","875,000","680,000","753,186",110,499000,600000,652000,890000,630000,788125,116
0670/3/Kelowna,2008,jun,10.0,7.0,16.2,38.0,31.5,42,3,37,280,362,72.3 %,100.0 %,77.1 %,98.9 %,92.9 %,82,18,13,17,130,"526,000","580,000","630,000","740,000","605,000","672,063",45,470000,587000,650000,890000,625000,791916,100
0670/3/Kelowna,2008,mar,10.3,14.2,6.0,**,10.6,60,9,4,0,73,82.8 %,70.0 %,100.0 %,**,81.9 %,67,11,1,10,89,"540,000","597,000","650,000","738,000","620,000","637,516",69,500000,613000,672000,894000,650000,791143,78
0670/3/Kelowna,2008,may,9.7,16.0,11.0,17.0,13.9,82,6,15,129,232,81.0 %,100.0 %,100.0 %,97.7 %,91.9 %,77,19,2,14,112,"510,000","550,000","630,000","760,000","582,500","658,052",88,470000,584000,650000,860000,620000,759904,96
0670/3/Kelowna,2008,nov,9.3,7.0,14.0,**,9.4,50,5,1,11,67,59.2 %,100.0 %,33.3 %,**,59.3 %,173,23,48,62,306,"520,000","562,000","626,000","800,000","587,500","757,058",55,520000,590000,650000,822000,625000,720214,196
0670/3/Kelowna,2008,oct,10.2,14.1,11.7,18.8,15.1,99,22,67,219,407,66.9 %,73.1 %,65.3 %,92.4 %,79.4 %,147,26,46,73,292,"527,000","604,000","746,000","880,000","650,000","808,882",121,529000,590000,680000,880000,625000,742234,173
0670/3/Kelowna,2008,sep,10.6,13.6,8.4,26.7,21.5,93,8,10,245,356,68.5 %,80.0 %,100.0 %,86.9 %,82.1 %,125,22,12,55,214,"484,000","570,000","650,000","827,000","620,000","647,141",101,530000,600000,680000,884000,630000,752787,147
0670/3/Kelowna,2009,apr,12.7,14.8,9.5,17.2,15.9,55,12,14,176,257,73.5 %,80.0 %,90.9 %,84.7 %,82.8 %,182,26,57,153,418,"527,000","597,000","805,000","995,000","730,000","847,583",67,489000,570000,650000,846000,605000,715020,208
0670/3/Kelowna,2009,aug,12.6,15.5,18.8,15.1,14.7,53,11,11,5,80,66.0 %,40.0 %,58.8 %,**,58.9 %,171,34,53,276,534,"500,000","550,000","668,000","904,000","600,000","779,571",63,500000,595000,700000,945000,650000,828233,205
0670/3/Kelowna,2009,dec,33.3,15.5,**,**,31.8,62,9,2,13,86,85.0 %,50.0 %,**,**,81.8 %,117,37,36,281,471,"449,000","523,000","620,000","840,000","562,500","620,099",67,520000,620000,800000,1100000,685000,1000098,154
0670/3/Kelowna,2009,feb,11.3,8.7,10.9,**,10.9,26,3,32,3,64,60.6 %,50.0 %,87.5 %,**,71.8 %,185,28,50,126,389,"559,000","678,000","817,000","1,151,000","745,000","911,150",29,500000,581000,650000,816000,620000,717058,213
0670/3/Kelowna,2009,jan,9.7,15.7,10.0,16.2,14.5,52,8,16,157,233,71.1 %,80.0 %,78.9 %,87.2 %,83.4 %,178,25,50,129,382,"514,000","555,000","595,000","712,000","572,500","633,538",60,510000,588000,654000,841000,625000,724555,203
0670/3/Kelowna,2009,jul,11.5,18.5,**,18.0,15.8,50,7,3,113,173,69.6 %,100.0 %,**,98.9 %,89.1 %,171,25,47,281,524,"505,000","559,000","630,000","894,000","585,000","1,000,053",57,490000,585000,680000,893000,627500,768086,196
0670/3/Kelowna,2009,jun,12.4,15.0,**,19.7,18.8,33,10,4,129,176,72.0 %,70.0 %,**,54.4 %,56.7 %,175,28,50,307,560,"454,000","514,000","575,000","665,000","540,000","572,129",43,490000,585000,654000,856000,625000,755697,203
0670/3/Kelowna,2009,mar,11.3,9.7,15.0,20.8,15.3,71,2,7,60,140,68.9 %,0.0 %,41.2 %,100.0 %,77.1 %,188,28,60,126,402,"482,000","564,000","702,000","875,000","605,000","693,642",73,490000,574000,650000,848000,610000,714775,216
0670/3/Kelowna,2009,may,10.2,13.3,**,17.8,15.8,42,4,3,86,135,67.4 %,66.7 %,**,60.3 %,62.1 %,183,28,54,208,473,"505,000","527,000","613,000","747,000","557,500","618,646",46,490000,578000,650000,848000,620000,718313,211
0670/3/Kelowna,2009,nov,12.6,17.5,16.9,20.0,17.8,56,5,18,69,148,85.4 %,50.0 %,92.9 %,55.7 %,65.7 %,139,42,38,294,513,"497,000","569,000","627,000","926,000","592,500","780,163",61,500000,608000,762000,1006000,680000,940668,181
0670/3/Kelowna,2009,oct,10.9,18.0,17.0,17.0,14.4,29,1,4,26,60,60.7 %,0.0 %,25.0 %,56.3 %,54.5 %,154,39,42,257,492,"510,000","535,000","590,000","840,000","570,000","908,314",30,500000,598000,722000,953000,660000,863205,193
0670/3/Kelowna,2009,sep,12.8,26.0,17.0,18.0,16.1,78,6,15,81,180,83.9 %,50.0 %,50.0 %,55.4 %,68.2 %,155,38,42,251,486,"399,000","473,000","575,000","750,000","512,500","609,725",83,508000,595000,708000,946000,650000,857264,193
0670/3/Kelowna,2010,apr,10.0,13.1,19.2,26.0,22.5,38,15,17,145,215,82.5 %,81.3 %,62.5 %,66.2 %,69.0 %,106,40,38,419,603,"445,000","523,000","687,000","840,000","565,000","717,937",51,514000,630000,886000,1328000,737500,1024128,146
0670/3/Kelowna,2010,aug,10.1,8.4,10.8,**,10.0,87,8,10,2,107,82.7 %,60.0 %,100.0 %,**,82.2 %,104,39,44,360,547,"479,000","580,000","659,000","885,000","615,000","740,433",95,499000,598000,804000,1295000,670000,942718,143
0670/3/Kelowna,2010,dec,9.2,15.3,**,15.0,12.1,46,8,0,34,88,59.6 %,66.7 %,**,58.7 %,60.0 %,128,47,46,351,572,"489,000","559,000","630,000","783,000","582,500","790,730",52,480000,575000,700000,1080000,620000,876974,174
0670/3/Kelowna,2010,feb,12.8,**,**,19.0,14.5,41,2,3,11,57,86.5 %,**,**,6.7 %,63.5 %,110,32,31,345,518,"517,000","650,000","803,000","945,000","682,500","810,134",42,530000,642000,850000,1317000,710000,1040383,142
0670/3/Kelowna,2010,jan,18.8,6.0,**,20.0,19.1,44,7,2,11,64,87.8 %,100.0 %,**,8.5 %,39.7 %,114,34,34,341,523,"453,000","530,000","630,000","890,000","555,000","712,095",50,530000,630000,820000,1130000,700000,1040221,148
0670/3/Kelowna,2010,jul,8.2,9.0,34.7,9.0,11.6,56,13,13,23,105,86.0 %,100.0 %,91.7 %,**,88.9 %,93,37,44,362,536,"492,000","592,000","709,000","937,000","635,000","835,193",68,515000,604000,883000,1339000,700000,978467,130
0670/3/Kelowna,2010,jun,9.1,8.0,14.4,**,10.5,48,9,5,8,70,88.1 %,62.5 %,19.0 %,**,64.8 %,99,40,45,385,569,"460,000","506,000","584,000","830,000","530,000","643,252",56,515000,600000,885000,1350000,700000,1038398,139
0670/3/Kelowna,2010,mar,11.1,13.5,23.0,25.0,22.1,44,5,4,176,229,78.9 %,33.3 %,100.0 %,89.4 %,85.1 %,104,39,31,357,531,"514,000","588,000","752,000","996,000","660,000","772,149",46,520000,636000,890000,1350000,750000,1034839,143
0670/3/Kelowna,2010,may,11.1,9.8,**,**,10.8,48,9,9,26,92,74.5 %,80.0 %,**,**,75.4 %,105,41,29,393,568,"505,000","585,000","716,000","802,000","640,000","658,902",56,502000,600000,881000,1328000,712500,1021348,146
0670/3/Kelowna,2010,nov,8.0,6.0,13.0,**,8.1,50,8,0,16,74,71.9 %,100.0 %,0.0 %,**,70.1 %,117,43,46,339,545,"471,000","547,000","661,000","830,000","587,500","682,728",58,486000,594000,750000,1146000,655000,914856,160
0670/3/Kelowna,2010,oct,9.2,8.0,**,47.1,31.7,44,2,1,7,54,77.8 %,0.0 %,**,0.0 %,71.4 %,110,45,42,355,552,"490,000","570,000","625,000","810,000","595,000","751,007",46,491000,588000,789000,1282000,670000,951776,155
0670/3/Kelowna,2010,sep,9.4,16.5,18.0,**,12.6,43,6,21,0,70,70.8 %,33.3 %,90.0 %,**,70.0 %,109,45,43,360,557,"493,000","568,000","640,000","831,000","605,000","783,060",49,500000,600000,795000,1350000,680000,952732,154
0670/3/Kelowna,2011,apr,10.4,8.2,**,14.9,13.4,41,5,5,8,59,75.7 %,50.0 %,**,**,70.2 %,123,51,51,330,555,"465,000","503,000","598,000","844,000","570,000","669,106",46,465000,561000,702000,1094000,630000,898762,173
0670/3/Kelowna,2011,aug,9.4,21.0,11.1,5.9,10.1,49,9,17,15,90,82.4 %,50.0 %,48.4 %,100.0 %,69.7 %,114,49,55,272,490,"480,000","535,000","715,000","880,000","620,000","720,922",58,465000,555000,675000,965000,610000,860428,162
0670/3/Kelowna,2011,dec,10.6,5.0,8.0,49.4,32.6,58,2,3,91,154,81.0 %,0.0 %,0.0 %,100.0 %,88.4 %,128,43,67,257,495,"425,000","478,000","585,000","988,000","517,500","717,988",60,465000,520000,623000,905000,565000,806123,170
0670/3/Kelowna,2011,feb,8.2,8.0,9.0,14.8,12.1,41,2,2,6,51,75.0 %,0.0 %,0.0 %,0.0 %,54.5 %,124,46,60,342,572,"442,000","528,000","567,000","681,000","550,000","561,393",43,470000,580000,720000,1080000,630000,883521,169
0670/3/Kelowna,2011,jan,7.2,8.5,8.6,**,7.5,38,3,18,63,122,72.1 %,100.0 %,50.0 %,**,69.1 %,133,46,55,345,579,"348,000","467,000","590,000","800,000","575,000","626,549",40,470000,570000,702000,1090000,630000,871105,178
0670/3/Kelowna,2011,jul,9.4,9.4,**,2.5,9.1,44,12,4,9,69,76.7 %,70.0 %,**,**,75.5 %,112,54,41,284,491,"495,000","610,000","800,000","1,305,000","722,500","876,657",56,466000,567000,705000,1000000,630000,872469,165
0670/3/Kelowna,2011,jun,10.9,6.3,5.0,3.0,9.5,52,5,4,10,71,87.0 %,50.0 %,**,**,81.5 %,113,56,45,293,507,"496,000","595,000","750,000","983,000","670,000","807,219",57,465000,555000,705000,1011000,627500,889027,168
0670/3/Kelowna,2011,mar,12.0,11.0,**,**,12.0,43,2,4,4,53,80.4 %,50.0 %,**,**,79.2 %,127,46,56,338,567,"428,000","525,000","659,000","843,000","590,000","681,938",45,468000,571000,700000,1070000,632500,895585,172
0670/3/Kelowna,2011,may,9.5,7.0,**,**,9.3,57,2,2,27,88,83.0 %,50.0 %,**,**,80.7 %,119,53,49,303,524,"450,000","488,000","623,000","894,000","555,000","739,347",59,467000,555000,705000,1076000,630000,900340,171
0670/3/Kelowna,2011,nov,10.2,17.4,11.8,**,11.4,43,6,13,0,62,64.8 %,40.0 %,84.6 %,**,64.9 %,128,43,66,266,503,"457,000","534,000","695,000","996,000","625,000","763,752",49,465000,525000,636000,910000,580000,792578,170
0670/3/Kelowna,2011,oct,9.8,9.7,**,14.1,12.7,23,21,3,2,49,67.9 %,90.0 %,**,**,77.1 %,117,39,66,266,488,"410,000","435,000","460,000","550,000","437,500","486,219",44,465000,525000,650000,922000,600000,812702,155
0670/3/Kelowna,2011,sep,10.0,**,20.3,2.5,13.5,46,9,13,4,72,81.8 %,**,33.3 %,**,63.4 %,112,40,69,268,489,"465,000","516,000","606,000","969,000","557,500","795,503",55,465000,549000,655000,919000,610000,821722,151
0670/3/Kelowna,2012,apr,8.3,**,9.8,2.5,8.3,36,2,7,2,47,78.4 %,**,20.0 %,**,66.0 %,123,40,67,228,458,"446,000","545,000","654,000","906,000","615,000","818,593",38,440000,510000,610000,852000,555000,777867,162
0670/3/Kelowna,2012,aug,7.2,10.7,7.5,6.1,7.4,45,9,18,9,81,81.4 %,66.7 %,87.5 %,20.0 %,77.1 %,93,29,41,137,300,"426,000","497,000","671,000","932,000","570,000","641,911",54,450000,515000,628000,882000,555000,776542,122
0670/3/Kelowna,2012,dec,7.5,8.1,20.4,4.3,9.4,41,13,7,39,100,64.0 %,75.0 %,33.3 %,**,61.5 %,106,34,41,77,258,"495,000","559,000","642,000","905,000","610,000","613,834",54,435000,497000,568000,800000,522500,720600,140
0670/3/Kelowna,2012,feb,12.3,14.0,6.0,2.0,11.8,46,4,7,17,74,69.4 %,100.0 %,50.0 %,**,69.1 %,131,46,66,235,478,"537,000","629,000","856,000","1,275,000","757,500","914,982",50,450000,515000,612000,824000,555000,768696,176
0670/3/Kelowna,2012,jan,6.5,9.8,14.0,16.5,8.7,45,5,4,11,65,82.2 %,40.0 %,50.0 %,0.0 %,65.7 %,128,48,69,252,497,"452,000","509,000","600,000","798,000","550,000","635,632",50,460000,515000,620000,875000,555000,789296,175
0670/3/Kelowna,2012,jul,8.8,10.4,10.6,4.0,8.9,48,6,11,9,74,88.9 %,50.0 %,81.8 %,**,81.8 %,97,32,43,141,313,"444,000","525,000","634,000","831,000","565,000","631,042",54,440000,515000,630000,910000,555000,781051,129
0670/3/Kelowna,2012,jun,9.7,**,**,3.5,9.4,43,9,8,6,66,76.5 %,**,**,**,76.5 %,100,28,43,150,321,"466,000","566,000","627,000","866,000","595,000","785,988",52,435000,523000,660000,912000,585000,802608,128
0670/3/Kelowna,2012,mar,11.6,9.0,8.5,12.5,11.3,53,8,6,5,72,86.7 %,100.0 %,25.0 %,**,83.0 %,123,42,64,230,459,"470,000","558,000","706,000","863,000","615,000","765,940",61,440000,510000,610000,875000,555000,779095,164
0670/3/Kelowna,2012,may,10.6,10.2,7.0,12.6,11.2,76,12,20,72,180,93.5 %,54.5 %,100.0 %,**,88.3 %,109,37,51,156,353,"475,000","565,000","659,000","863,000","617,500","688,426",87,429000,510000,620000,900000,560000,810346,146
0670/3/Kelowna,2012,nov,7.2,11.0,9.5,5.8,7.8,41,5,16,7,69,92.1 %,100.0 %,58.3 %,**,85.2 %,97,31,36,116,280,"470,000","504,000","586,000","845,000","540,000","662,084",46,440000,503000,594000,800000,537500,745051,128
0670/3/Kelowna,2012,oct,7.4,10.3,7.0,3.0,7.3,39,5,6,0,50,80.4 %,66.7 %,62.5 %,**,76.7 %,100,32,40,123,295,"430,000","515,000","590,000","820,000","570,000","626,539",43,446000,500000,598000,820000,527500,746122,132
0670/3/Kelowna,2012,sep,7.8,8.0,**,116.9,86.8,35,2,3,14,54,82.9 %,50.0 %,**,**,79.5 %,93,31,38,123,285,"451,000","522,000","678,000","774,000","590,000","743,188",37,440000,515000,620000,855000,555000,765610,124
0670/3/Kelowna,2013,apr,8.6,26.0,**,9.0,9.4,45,2,8,2,57,82.1 %,100.0 %,**,**,82.9 %,94,30,35,62,221,"396,000","480,000","593,000","749,000","500,000","598,174",47,430000,500000,610000,800000,537500,702663,124
0670/3/Kelowna,2013,aug,9.5,10.3,11.2,3.7,9.8,47,15,9,8,79,77.8 %,62.5 %,29.4 %,**,65.5 %,80,22,44,76,222,"470,000","616,000","738,000","865,000","685,000","713,155",62,434000,506000,682000,882000,582500,749573,102
0670/3/Kelowna,2013,dec,8.7,12.5,6.0,14.6,11.7,39,8,7,58,112,91.9 %,100.0 %,0.0 %,100.0 %,90.5 %,77,29,45,61,212,"445,000","535,000","600,000","750,000","565,000","678,368",47,427000,504000,628000,848000,552500,694897,106
0670/3/Kelowna,2013,feb,11.5,**,42.0,7.0,16.8,48,0,15,2,65,89.6 %,**,75.0 %,**,86.7 %,109,33,50,72,264,"395,000","500,000","628,000","1,096,000","525,000","884,987",47,435000,495000,569000,784000,520000,692054,142
0670/3/Kelowna,2013,jan,10.0,5.0,9.3,7.3,9.5,32,3,9,3,47,68.6 %,100.0 %,33.3 %,**,56.9 %,109,33,53,74,269,"460,000","512,000","642,000","912,000","535,000","819,992",35,435000,495000,590000,800000,520000,725720,142
0670/3/Kelowna,2013,jul,12.3,2.0,8.7,57.7,36.3,46,6,10,57,119,78.6 %,50.0 %,41.7 %,73.4 %,71.7 %,73,21,36,84,214,"430,000","504,000","686,000","1,009,000","560,000","752,085",52,450000,520000,690000,940000,595000,768798,94
0670/3/Kelowna,2013,jun,9.3,9.3,**,4.5,9.1,45,7,3,2,57,77.5 %,100.0 %,**,**,80.4 %,77,27,34,77,215,"456,000","545,000","628,000","852,000","590,000","720,604",52,440000,515000,640000,885000,557500,747432,104
0670/3/Kelowna,2013,mar,9.9,**,**,6.0,9.6,50,3,7,8,68,87.8 %,**,**,**,87.8 %,100,30,43,64,237,"451,000","550,000","742,000","1,044,000","662,500","879,692",53,431000,495000,582000,788000,520000,687190,130
0670/3/Kelowna,2013,may,9.2,10.0,13.5,51.9,31.0,57,10,18,43,128,86.7 %,87.5 %,70.0 %,63.3 %,73.7 %,82,28,37,79,226,"398,000","472,000","586,000","770,000","530,000","573,832",67,442000,515000,628000,884000,552500,742763,110
0670/3/Kelowna,2013,nov,8.4,12.8,11.5,4.1,9.8,51,19,17,1,88,77.4 %,69.2 %,51.9 %,0.0 %,66.4 %,79,33,46,71,229,"450,000","497,000","679,000","849,000","572,500","711,912",70,423000,496000,604000,832000,532500,682275,112
0670/3/Kelowna,2013,oct,7.7,6.7,18.0,4.0,8.2,46,5,7,1,59,82.6 %,66.7 %,60.0 %,**,78.9 %,77,26,36,68,207,"486,000","572,000","631,000","750,000","600,000","673,457",51,420000,500000,644000,881000,570000,704834,103
0670/3/Kelowna,2013,sep,8.5,6.8,**,3.0,8.1,46,7,6,7,66,83.7 %,50.0 %,**,**,77.4 %,77,25,38,69,209,"444,000","517,000","642,000","1,093,000","572,500","744,537",53,436000,522000,634000,880000,590000,723151,102
0670/3/Kelowna,2014,apr,6.6,13.0,13.0,4.2,7.7,36,8,15,11,70,61.8 %,100.0 %,100.0 %,**,71.7 %,73,25,16,48,162,"462,000","539,000","607,000","833,000","577,500","614,006",44,425000,493000,633000,816000,545000,720042,98
0670/3/Kelowna,2014,aug,9.0,6.0,18.0,9.4,10.4,50,5,15,0,70,83.3 %,100.0 %,91.7 %,**,85.5 %,71,22,7,26,126,"480,000","510,000","647,000","844,000","527,500","635,169",55,450000,522000,599000,782000,550000,710014,93
0670/3/Kelowna,2014,dec,7.7,7.8,6.8,11.1,9.2,57,17,18,2,94,83.9 %,94.4 %,88.9 %,**,87.0 %,67,24,6,17,114,"510,000","536,000","650,000","748,000","580,000","596,022",73,447000,528000,596000,766000,555000,694256,91
0670/3/Kelowna,2014,feb,8.6,8.7,10.0,8.7,8.9,38,9,9,0,56,89.2 %,50.0 %,33.3 %,**,72.7 %,76,28,42,60,206,"362,000","494,000","676,000","1,016,000","590,000","861,283",47,430000,490000,625000,800000,550000,693511,104
0670/3/Kelowna,2014,jan,10.3,8.1,14.0,5.5,9.2,59,12,11,1,83,81.4 %,71.4 %,20.0 %,**,75.6 %,77,31,39,60,207,"410,000","485,000","595,000","790,000","540,000","621,129",71,420000,488000,616000,800000,550000,682046,108
0670/3/Kelowna,2014,jul,7.5,12.8,16.5,6.0,9.3,39,6,14,3,62,81.6 %,30.0 %,100.0 %,**,75.0 %,73,25,10,26,134,"480,000","550,000","680,000","900,000","580,000","647,370",45,420000,530000,617000,782000,560000,708228,98
0670/3/Kelowna,2014,jun,8.3,4.6,**,7.2,7.7,44,14,7,8,73,71.2 %,100.0 %,**,**,75.8 %,74,21,16,29,140,"435,000","525,000","590,000","790,000","552,500","621,203",58,421000,530000,678000,864000,595000,727512,95
0670/3/Kelowna,2014,mar,9.0,**,17.7,7.4,10.2,30,3,22,1,56,86.2 %,**,100.0 %,**,88.9 %,75,25,27,59,186,"466,000","551,000","733,000","828,000","647,500","699,844",33,430000,500000,608000,864000,550000,727045,100
0670/3/Kelowna,2014,may,8.4,10.0,10.2,7.0,8.7,62,6,3,11,82,90.9 %,83.3 %,30.0 %,**,81.7 %,66,25,23,37,151,"440,000","491,000","548,000","703,000","512,500","566,634",68,425000,500000,681000,894000,585000,746832,91
0670/3/Kelowna,2014,nov,7.8,10.2,10.1,10.5,8.9,53,22,26,1,102,84.0 %,90.9 %,85.7 %,**,86.0 %,68,23,6,19,116,"402,000","495,000","629,000","800,000","560,000","621,312",75,445000,527000,595000,766000,550000,692609,91
0670/3/Kelowna,2014,oct,10.2,13.2,15.0,9.4,10.9,57,9,7,8,81,92.9 %,66.7 %,75.0 %,100.0 %,88.1 %,71,23,4,20,118,"545,000","684,000","754,000","974,000","725,000","740,175",66,450000,510000,595000,780000,550000,692782,94
0670/3/Kelowna,2014,sep,9.5,11.7,13.0,10.3,10.2,56,8,12,42,118,93.0 %,66.7 %,87.5 %,100.0 %,93.5 %,72,20,3,20,115,"507,000","600,000","675,000","823,000","640,000","753,580",64,450000,514000,603000,784000,550000,701087,92
0670/3/Kelowna,2015,apr,10.3,8.8,7.0,7.0,8.9,19,6,21,0,46,51.6 %,50.0 %,95.5 %,**,67.2 %,80,19,9,12,120,"399,000","473,000","534,000","615,000","510,000","499,513",24,440000,515000,600000,730000,570000,689808,99
0670/3/Kelowna,2015,aug,9.7,10.8,10.0,8.0,9.6,45,7,1,0,53,82.0 %,40.0 %,33.3 %,**,73.0 %,101,24,10,12,147,"500,000","550,000","693,000","1,160,000","630,000","864,652",52,466000,540000,608000,730000,580000,674141,125
0670/3/Kelowna,2015,dec,10.0,9.0,10.0,12.2,9.8,40,22,6,0,68,73.2 %,68.2 %,33.3 %,**,68.1 %,84,41,16,11,152,"428,000","511,000","642,000","954,000","535,000","697,089",62,430000,507000,580000,700000,540000,635678,125
0670/3/Kelowna,2015,feb,10.0,10.3,10.1,11.0,10.1,91,29,29,1,150,89.2 %,83.3 %,84.4 %,**,87.4 %,69,14,13,16,112,"490,000","530,000","598,000","724,000","550,000","600,504",120,472000,540000,617000,764000,570000,730616,83
0670/3/Kelowna,2015,jan,10.2,10.8,15.0,7.1,11.0,37,7,12,0,56,86.5 %,62.5 %,62.5 %,**,77.0 %,67,25,10,17,119,"472,000","550,000","624,000","786,000","565,000","840,805",44,443000,530000,599000,736000,555000,680712,92
0670/3/Kelowna,2015,jul,8.1,6.8,8.0,6.1,7.7,43,13,16,0,72,73.8 %,58.3 %,91.7 %,**,74.2 %,96,21,8,12,137,"460,000","508,000","620,000","746,000","535,000","616,656",56,448000,530000,600000,700000,550000,634338,117
0670/3/Kelowna,2015,jun,8.4,8.0,7.7,8.4,8.3,49,3,9,0,61,68.9 %,50.0 %,50.0 %,**,64.4 %,97,22,12,12,143,"530,000","570,000","670,000","775,000","600,000","755,776",52,450000,515000,600000,700000,550000,630868,119
0670/3/Kelowna,2015,mar,8.8,8.3,**,9.3,8.8,17,3,5,4,29,68.8 %,50.0 %,**,**,63.6 %,68,17,8,12,105,"472,000","550,000","592,000","764,000","550,000","607,659",20,440000,530000,600000,738000,550000,715993,85
0670/3/Kelowna,2015,may,8.3,7.5,**,9.1,8.2,68,22,0,0,90,66.3 %,65.4 %,**,**,66.1 %,101,23,9,12,145,"450,000","510,000","600,000","729,000","550,000","638,438",90,460000,525000,600000,700000,560000,641690,124
0670/3/Kelowna,2015,nov,8.0,10.3,9.6,23.0,14.0,59,10,19,40,128,85.7 %,62.5 %,47.1 %,100.0 %,83.2 %,83,41,16,11,151,"500,000","580,000","650,000","800,000","625,000","704,654",69,430000,510000,580000,715000,540000,655962,124
0670/3/Kelowna,2015,oct,10.7,10.9,31.2,8.5,14.4,73,30,18,0,121,73.2 %,50.0 %,56.7 %,**,62.1 %,100,43,18,11,172,"399,000","446,000","588,000","720,000","520,000","602,383",103,428000,508000,564000,703000,540000,642459,143
0670/3/Kelowna,2015,sep,9.0,9.3,9.8,7.1,8.9,60,9,13,1,83,80.3 %,50.0 %,66.7 %,**,76.3 %,102,21,6,11,140,"482,000","574,000","646,000","768,000","600,000","616,359",69,458000,530000,602000,730000,570000,663668,123
0670/3/Kelowna,2016,apr,7.4,6.7,8.0,8.4,7.5,61,14,13,0,88,66.7 %,50.0 %,75.0 %,**,65.1 %,91,30,4,0,125,"391,000","504,000","586,000","696,000","550,000","563,309",75,429000,520000,622000,800000,550000,649881,121
0670/3/Kelowna,2016,aug,9.5,11.1,11.3,8.6,9.8,105,29,8,0,142,93.0 %,100.0 %,41.7 %,**,88.4 %,67,14,15,0,96,"450,000","560,000","640,000","850,000","600,000","723,151",134,477000,574000,750000,886000,660000,785415,81
0670/3/Kelowna,2016,dec,7.6,9.0,9.3,6.7,8.2,36,15,13,0,64,87.5 %,71.4 %,68.4 %,**,79.5 %,70,16,30,0,116,"650,000","740,000","854,000","900,000","750,000","724,456",51,472000,585000,736000,994000,690000,824818,86
0670/3/Kelowna,2016,feb,8.5,8.4,6.6,14.4,11.5,31,13,9,69,122,60.0 %,36.4 %,100.0 %,95.8 %,76.6 %,90,44,10,3,147,"420,000","500,000","575,000","700,000","550,000","595,807",44,420000,510000,575000,730000,540000,630584,134
0670/3/Kelowna,2016,jan,9.9,8.3,12.3,13.0,11.8,34,12,10,11,67,67.7 %,50.0 %,100.0 %,**,69.8 %,81,35,12,0,128,"496,000","550,000","604,000","836,000","587,500","694,771",46,420000,500000,580000,724000,530000,632662,116
0670/3/Kelowna,2016,jul,10.7,8.5,8.3,11.5,10.1,39,8,14,0,61,88.9 %,75.0 %,78.6 %,**,84.5 %,86,29,11,0,126,"520,000","700,000","800,000","895,000","740,000","706,058",47,435000,530000,656000,819000,585000,692757,115
0670/3/Kelowna,2016,jun,10.1,7.0,9.6,14.1,10.9,41,7,25,30,103,75.6 %,100.0 %,89.3 %,100.0 %,87.2 %,89,29,11,0,129,"472,000","555,000","759,000","1,019,000","700,000","805,388",48,420000,510000,635000,811000,550000,670543,118
0670/3/Kelowna,2016,mar,8.4,8.0,18.8,20.2,15.2,44,24,11,69,148,74.4 %,66.7 %,100.0 %,100.0 %,88.5 %,89,32,9,0,130,"444,000","519,000","576,000","738,000","540,000","663,821",68,420000,524000,601000,786000,550000,641956,121
0670/3/Kelowna,2016,may,7.6,10.5,16.1,6.0,10.1,47,22,33,0,102,80.5 %,68.2 %,89.2 %,**,81.0 %,85,30,8,0,123,"340,000","470,000","550,000","650,000","540,000","554,756",69,435000,514000,632000,808000,550000,678350,115
0670/3/Kelowna,2016,nov,8.8,8.9,26.3,15.7,15.7,63,15,52,0,130,89.3 %,72.2 %,66.0 %,**,77.7 %,66,17,24,0,107,"550,000","650,000","754,000","1,056,000","700,000","748,169",78,466000,550000,730000,988000,620000,811064,83
0670/3/Kelowna,2016,oct,10.8,9.7,11.6,8.3,9.3,56,15,16,0,87,83.1 %,77.8 %,76.9 %,**,81.3 %,73,14,29,0,116,"430,000","574,000","806,000","1,001,000","647,500","756,870",71,462000,553000,734000,964000,660000,797412,87
0670/3/Kelowna,2016,sep,9.2,8.7,10.8,9.6,9.7,56,17,27,56,156,88.7 %,92.9 %,61.4 %,100.0 %,85.6 %,64,11,32,0,107,"541,000","629,000","830,000","976,000","655,000","804,881",73,480000,605000,750000,1000000,690000,813956,75
0670/3/Kelowna,2017,apr,9.3,7.0,11.2,4.9,9.0,34,10,12,0,56,92.9 %,100.0 %,100.0 %,**,94.4 %,59,6,8,0,73,"470,000","600,000","740,000","880,000","700,000","842,563",43,495000,660000,780000,1150000,700000,870170,65
0670/3/Kelowna,2017,aug,9.3,9.9,10.1,10.1,9.5,72,13,33,0,118,83.8 %,75.0 %,100.0 %,**,83.5 %,67,12,3,0,82,"612,000","751,000","897,000","1,226,000","787,500","949,513",85,536000,703000,804000,1250000,750000,887597,79
0670/3/Kelowna,2017,dec,9.9,10.0,11.0,8.7,10.2,46,2,29,0,77,93.0 %,100.0 %,100.0 %,**,95.9 %,44,8,5,0,57,"641,000","800,000","900,000","1,051,000","840,000","926,022",48,690000,1000000,1300000,1500000,1200000,1086481,52
0670/3/Kelowna,2017,feb,8.7,9.3,8.6,10.2,8.8,42,9,20,0,71,91.4 %,100.0 %,85.7 %,**,91.2 %,65,15,20,0,100,"568,000","637,000","809,000","914,000","675,000","737,395",51,483000,590000,730000,974000,672500,831973,80
0670/3/Kelowna,2017,jan,8.6,7.6,7.7,9.9,9.1,32,20,13,0,65,77.8 %,75.0 %,100.0 %,**,80.0 %,74,16,26,0,116,"450,000","550,000","600,000","700,000","590,000","674,618",52,483000,605000,733000,924000,685000,818239,90
0670/3/Kelowna,2017,jul,9.1,10.3,10.7,9.0,9.7,54,12,24,0,90,73.7 %,83.3 %,65.7 %,**,72.1 %,67,9,29,0,105,"625,000","710,000","770,000","1,150,000","750,000","834,203",66,530000,660000,769000,1168000,715000,860144,76
0670/3/Kelowna,2017,jun,10.4,9.7,11.8,9.7,10.3,54,11,22,56,143,84.2 %,66.7 %,76.0 %,100.0 %,87.3 %,64,9,18,0,91,"520,000","700,000","770,000","1,020,000","755,000","789,247",65,530000,685000,765000,1150000,730000,879940,73
0670/3/Kelowna,2017,mar,9.8,8.6,9.0,9.3,9.5,38,11,9,0,58,87.5 %,80.0 %,40.0 %,**,81.8 %,65,12,16,0,93,"550,000","650,000","700,000","1,008,000","695,000","910,928",49,478000,603000,727000,991000,660000,834701,77
0670/3/Kelowna,2017,may,8.3,9.0,11.2,10.4,9.2,45,6,12,0,63,84.8 %,75.0 %,63.2 %,**,78.1 %,60,8,15,0,83,"502,000","555,000","750,000","893,000","645,000","817,320",51,496000,660000,771000,1150000,722500,863364,68
0670/3/Kelowna,2017,nov,11.7,7.0,11.0,11.9,11.5,119,12,5,0,136,84.9 %,33.3 %,100.0 %,**,82.1 %,47,8,6,0,61,"545,000","715,000","815,000","1,050,000","765,000","853,273",131,722000,1000000,1290000,1500000,1160000,1081270,55
0670/3/Kelowna,2017,oct,9.8,9.3,11.0,13.3,10.8,61,22,17,0,100,73.2 %,83.3 %,72.7 %,**,75.2 %,77,12,8,0,97,"575,000","650,000","760,000","970,000","700,000","817,303",83,515000,690000,840000,1350000,735000,924379,89
0670/3/Kelowna,2017,sep,10.4,9.7,10.4,14.8,12.6,86,30,26,87,229,90.8 %,96.4 %,100.0 %,100.0 %,96.1 %,68,10,3,0,81,"550,000","650,000","792,000","984,000","730,000","833,678",116,538000,724000,862000,1250000,760000,894556,78
0670/3/Kelowna,2018,apr,11.4,10.5,9.9,12.2,11.6,59,6,20,40,125,79.7 %,33.3 %,87.0 %,100.0 %,82.6 %,77,16,12,3,108,"645,000","795,000","970,000","1,510,000","845,000","1,061,018",43,750000,1004000,1300000,1600000,1185000,1161467,92
0670/3/Kelowna,2018,aug,11.1,7.7,12.0,11.1,10.8,43,1,2,0,46,53.3 %,16.7 %,50.0 %,**,47.5 %,62,26,23,3,114,"840,000","950,000","1,200,000","1,400,000","1,095,000","1,127,565",40,598000,750000,966000,1430000,855000,1002378,87
0670/3/Kelowna,2018,dec,13.5,12.5,13.0,13.5,13.3,76,5,27,1,109,61.1 %,35.7 %,34.6 %,**,48.6 %,120,36,73,144,373,"731,000","960,000","1,192,000","1,600,000","1,000,000","1,270,035",80,600000,750000,933000,1330000,875000,1039457,156
0670/3/Kelowna,2018,feb,10.4,**,10.5,11.3,10.7,51,1,34,29,115,80.0 %,**,91.4 %,90.6 %,86.3 %,53,5,6,3,67,"620,000","862,000","1,057,000","1,445,000","965,000","1,104,941",52,728000,926000,1297000,1500000,1185000,1152397,58
0670/3/Kelowna,2018,jan,7.8,7.3,**,8.0,7.8,46,8,0,0,54,76.8 %,83.3 %,**,**,77.4 %,54,6,5,0,65,"647,000","759,000","856,000","1,094,000","800,000","851,505",54,730000,900000,1250000,1500000,1192500,1089771,60
0670/3/Kelowna,2018,jul,10.6,7.0,12.0,11.9,10.7,60,9,15,83,167,76.8 %,64.3 %,62.5 %,**,72.0 %,74,21,21,3,119,"650,000","800,000","900,000","1,100,000","820,000","836,818",68,670000,860000,1160000,1500000,925000,1070156,94
0670/3/Kelowna,2018,jun,10.3,9.3,12.5,19.3,15.2,48,4,15,0,67,83.3 %,66.7 %,88.9 %,0.0 %,33.6 %,64,16,12,86,178,"700,000","780,000","959,000","1,376,000","850,000","1,084,776",51,800000,980000,1440000,1600000,1192500,1121405,79
0670/3/Kelowna,2018,mar,12.6,8.1,7.5,13.9,13.1,50,9,5,33,97,70.8 %,57.1 %,25.0 %,90.9 %,71.7 %,67,10,9,3,89,"726,000","937,000","1,200,000","1,948,000","1,007,500","1,243,155",59,748000,984000,1300000,1597000,1200000,1141269,76
0670/3/Kelowna,2018,may,11.6,13.0,13.9,10.4,11.0,83,8,15,0,106,81.8 %,100.0 %,57.1 %,**,77.9 %,70,14,18,3,105,"628,000","754,000","1,000,000","1,455,000","890,000","1,096,058",90,784000,974000,1368000,1600000,1172500,1169825,83
0670/3/Kelowna,2018,nov,12.7,10.3,13.9,26.4,19.1,84,12,6,11,113,69.9 %,56.3 %,17.9 %,7.0 %,36.0 %,124,27,48,145,344,"660,000","780,000","924,000","1,330,000","817,500","952,874",94,600000,824000,1000000,1400000,900000,1010727,151
0670/3/Kelowna,2018,oct,12.7,9.3,**,21.0,17.9,90,8,0,153,251,71.8 %,37.5 %,**,79.7 %,75.8 %,104,23,26,42,195,"695,000","850,000","994,000","1,316,000","925,000","1,062,091",98,602000,800000,1000000,1371000,900000,1010846,126
0670/3/Kelowna,2018,sep,11.5,**,9.0,11.4,11.3,22,3,1,0,26,30.0 %,**,25.0 %,**,29.5 %,81,23,26,3,133,"476,000","726,000","1,080,000","1,336,000","800,000","930,366",25,630000,827000,1020000,1360000,900000,1027476,103
0670/3/Kelowna,2019,apr,10.0,9.5,10.0,18.3,15.3,64,4,2,0,70,61.2 %,0.0 %,10.0 %,**,45.3 %,122,35,105,214,476,"786,000","912,000","1,100,000","1,258,000","1,035,000","1,062,885",67,672000,790000,900000,1369000,820000,1005717,157
0670/3/Kelowna,2019,aug,11.3,13.4,20.0,8.7,11.9,47,1,12,0,60,70.0 %,0.0 %,66.7 %,**,58.7 %,99,40,162,146,447,"480,000","731,000","820,000","1,200,000","750,000","962,655",48,650000,770000,900000,1390000,820000,1053663,139
0670/3/Kelowna,2019,dec,9.3,10.2,8.0,9.8,9.3,77,15,27,24,143,58.0 %,40.0 %,78.6 %,**,59.1 %,91,41,191,237,560,"700,000","792,000","1,050,000","1,335,000","850,000","1,011,322",92,662000,800000,900000,1236000,857500,1042701,132
0670/3/Kelowna,2019,feb,11.4,12.7,9.3,19.5,17.9,55,10,7,0,72,65.6 %,50.0 %,43.8 %,**,60.5 %,99,25,71,190,385,"735,000","812,000","1,000,000","1,464,000","965,000","1,058,908",65,680000,800000,1000000,1400000,900000,1077252,124
0670/3/Kelowna,2019,jan,13.1,12.0,9.0,20.5,19.9,60,9,14,154,237,82.8 %,100.0 %,100.0 %,77.0 %,78.2 %,90,29,62,190,371,"675,000","830,000","1,000,000","1,205,000","900,000","962,680",68,615000,750000,970000,1400000,875000,1060214,119
0670/3/Kelowna,2019,jul,12.7,8.2,15.9,20.5,17.7,43,14,14,61,132,48.5 %,40.0 %,15.6 %,50.0 %,41.9 %,96,31,171,146,444,"729,000","886,000","1,200,000","1,500,000","1,100,000","1,020,655",57,710000,800000,950000,1412000,850000,1101908,127
0670/3/Kelowna,2019,jun,9.9,9.4,13.0,16.5,14.4,57,8,17,14,96,67.2 %,40.0 %,31.3 %,**,53.0 %,106,35,140,85,366,"650,000","900,000","1,200,000","1,500,000","1,000,000","1,078,299",65,667000,785000,896000,1339000,805000,1008187,141
0670/3/Kelowna,2019,mar,12.8,9.0,10.3,36.3,31.7,93,8,7,85,193,61.1 %,14.3 %,26.1 %,78.0 %,62.5 %,119,31,87,214,451,"714,000","883,000","1,200,000","1,555,000","1,040,000","1,212,355",101,700000,800000,996000,1440000,897500,1062099,150
0670/3/Kelowna,2019,may,9.2,9.5,15.8,12.7,13.0,34,14,32,172,252,58.8 %,41.7 %,36.5 %,100.0 %,65.9 %,105,33,125,99,362,"735,000","875,000","1,100,000","1,400,000","975,000","969,860",48,634000,750000,850000,1258000,800000,970415,138
0670/3/Kelowna,2019,nov,10.4,8.6,8.5,15.0,13.6,36,8,22,28,94,60.6 %,60.0 %,54.5 %,17.2 %,28.6 %,99,46,204,261,610,"798,000","916,000","1,115,000","1,600,000","990,000","1,132,514",44,675000,785000,940000,1388000,840000,1072411,145
0670/3/Kelowna,2019,oct,10.8,10.3,9.6,15.6,12.0,51,9,16,59,135,57.7 %,50.0 %,15.9 %,100.0 %,55.0 %,102,44,215,144,505,"730,000","800,000","972,000","1,300,000","880,000","974,184",60,694000,789000,904000,1418000,850000,1081476,146
0670/3/Kelowna,2019,sep,9.0,15.0,**,8.8,9.4,50,5,0,0,55,69.7 %,75.0 %,**,**,70.3 %,82,39,162,146,429,"741,000","831,000","994,000","1,400,000","940,000","1,043,121",55,650000,750000,880000,1296000,800000,1049693,121
0670/3/Kelowna,2020,apr,8.6,7.2,17.0,10.2,9.3,52,14,27,19,112,55.1 %,60.0 %,0.0 %,**,50.8 %,95,43,89,59,286,"627,000","718,000","891,000","1,300,000","785,000","938,958",66,700000,790000,924000,1360000,855000,1030386,138
0670/3/Kelowna,2020,aug,9.3,13.5,10.3,11.7,10.7,33,5,4,3,45,54.1 %,0.0 %,4.2 %,**,32.3 %,73,43,168,117,401,"678,000","837,000","1,176,000","1,560,000","910,000","1,192,963",38,670000,724000,876000,1545000,830000,1028013,116
0670/3/Kelowna,2020,dec,**,**,**,**,**,0,0,0,0,0,**,**,**,**,**,71,42,140,38,291,**,**,**,**,**,**,0,650000,712000,872000,1138000,820000,952304,113
0670/3/Kelowna,2020,feb,9.4,10.0,15.7,9.6,11.3,36,5,27,0,68,62.5 %,50.0 %,59.3 %,**,59.7 %,99,46,177,171,493,"734,000","850,000","1,176,000","1,600,000","907,500","1,074,747",41,700000,820000,946000,1485000,890000,1091115,145
0670/3/Kelowna,2020,jan,14.0,8.8,11.6,9.3,12.0,35,8,59,66,168,53.8 %,16.7 %,28.9 %,**,36.4 %,95,41,177,171,484,"650,000","750,000","800,000","1,157,000","770,000","901,063",43,700000,800000,942000,1486000,885000,1098298,136
0670/3/Kelowna,2020,jul,9.5,10.1,9.5,9.3,9.6,51,19,10,7,87,71.4 %,44.4 %,8.8 %,**,45.5 %,69,44,148,120,381,"702,000","780,000","856,000","1,088,000","800,000","891,673",70,695000,728000,900000,1515000,830000,1047269,113
0670/3/Kelowna,2020,jun,8.1,8.8,12.2,17.4,13.5,23,3,13,52,91,63.2 %,0.0 %,50.0 %,94.4 %,71.7 %,71,45,124,127,367,"631,000","788,000","1,086,000","1,408,000","875,000","1,044,024",26,674000,760000,904000,1440000,832500,1048089,116
0670/3/Kelowna,2020,mar,8.9,10.0,14.1,18.5,15.3,44,3,65,93,205,51.2 %,0.0 %,55.9 %,**,50.6 %,98,47,146,78,369,"725,000","870,000","970,000","1,500,000","900,000","1,225,008",47,700000,800000,930000,1356000,850000,1046171,145
0670/3/Kelowna,2020,may,9.3,8.5,15.3,21.1,19.4,53,9,41,222,325,75.8 %,25.0 %,31.5 %,67.7 %,61.3 %,75,38,121,125,359,"700,000","820,000","1,100,000","1,340,000","875,000","997,692",61,696000,763000,908000,1500000,840000,1057230,113
0670/3/Kelowna,2020,nov,9.3,9.5,9.8,8.9,9.2,52,17,54,27,150,52.7 %,58.3 %,50.0 %,**,52.7 %,71,42,140,38,291,"774,000","900,000","1,098,000","1,340,000","975,000","998,975",69,650000,712000,872000,1138000,820000,952304,113
0670/3/Kelowna,2020,oct,10.6,9.0,14.1,12.0,12.1,22,6,16,5,49,39.4 %,62.5 %,16.2 %,**,30.8 %,68,47,168,65,348,"842,000","952,000","1,100,000","1,304,000","1,040,000","1,082,731",28,671000,754000,878000,1200000,835000,982580,115
0670/3/Kelowna,2020,sep,10.2,7.9,9.0,5.1,6.0,45,12,25,47,129,70.0 %,42.9 %,0.0 %,**,56.3 %,57,45,147,70,319,"730,000","947,000","1,280,000","1,620,000","1,010,000","1,136,375",57,650000,700000,858000,1085000,820000,934789,102
0670/3/Kelowna,2021,apr,12.2,8.8,12.5,18.8,17.5,19,16,69,48,152,70.6 %,100.0 %,87.1 %,43.6 %,57.7 %,51,28,121,102,302,"866,000","989,000","1,285,000","1,430,000","1,125,000","984,654",34,560000,700000,890000,1200000,820000,935610,79
0670/3/Kelowna,2021,aug,12.0,4.0,10.3,29.1,26.1,17,0,20,221,258,42.1 %,0.0 %,88.2 %,99.5 %,93.8 %,43,12,66,28,149,"771,000","922,000","1,236,000","2,131,000","1,000,000","1,481,403",15,614000,786000,1037000,1430000,940000,976260,55
0670/3/Kelowna,2021,dec,9.2,9.0,8.9,9.8,9.2,92,7,22,0,121,75.0 %,60.0 %,36.5 %,**,62.4 %,67,21,62,16,166,"787,000","892,000","1,100,000","1,400,000","997,500","1,150,910",97,672000,828000,1107000,1450000,950000,1019178,88
0670/3/Kelowna,2021,feb,8.5,14.7,11.3,20.4,17.3,45,8,38,107,198,54.8 %,0.0 %,88.2 %,60.7 %,62.4 %,69,39,136,81,325,"723,000","857,000","992,000","1,400,000","895,000","1,064,344",53,598000,700000,884000,1126000,827500,930699,108
0670/3/Kelowna,2021,jan,12.7,14.0,16.1,14.3,14.3,15,5,0,0,20,29.6 %,50.0 %,**,**,32.3 %,83,41,140,38,302,"725,000","912,000","1,080,000","1,444,000","1,000,000","1,100,773",20,650000,735000,900000,1390000,847500,992670,124
0670/3/Kelowna,2021,jul,9.7,14.3,18.0,14.1,14.4,23,24,35,1,83,88.9 %,100.0 %,90.6 %,**,93.1 %,41,10,69,27,147,"659,000","750,000","860,000","1,312,000","750,000","990,621",47,610000,846000,1010000,1409000,940000,956372,51
0670/3/Kelowna,2021,jun,9.5,8.5,15.0,20.1,17.6,35,8,62,58,163,72.4 %,75.0 %,87.9 %,68.3 %,74.4 %,46,12,72,28,158,"850,000","1,100,000","1,200,000","1,550,000","1,160,000","1,127,433",42,670000,868000,1064000,1409000,970000,960827,58
0670/3/Kelowna,2021,mar,8.5,10.6,8.0,13.4,10.5,38,21,0,69,128,77.3 %,68.8 %,0.0 %,100.0 %,62.9 %,53,34,159,40,286,"640,000","700,000","830,000","1,125,000","750,000","878,847",59,605000,700000,880000,1158000,820000,935865,87
0670/3/Kelowna,2021,may,11.1,9.8,20.0,11.0,11.2,58,34,20,79,191,69.5 %,100.0 %,0.0 %,**,72.8 %,52,12,101,23,188,"735,000","865,000","975,000","1,277,000","900,000","1,118,802",88,676000,910000,1100000,1450000,1052500,1004637,64
0670/3/Kelowna,2021,nov,10.7,10.6,9.0,11.8,10.6,28,14,21,12,75,74.3 %,77.8 %,100.0 %,**,78.3 %,51,18,32,16,117,"860,000","1,060,000","1,266,000","1,925,000","1,100,000","1,959,739",41,648000,846000,1028000,1430000,950000,1366736,69
0670/3/Kelowna,2021,oct,10.6,12.5,12.6,18.3,15.0,42,12,11,0,65,92.1 %,100.0 %,100.0 %,**,95.0 %,44,14,46,28,132,"781,000","918,000","1,159,000","1,680,000","1,062,500","1,106,988",52,625000,780000,1000000,1425000,892500,1000609,58
0670/3/Kelowna,2021,sep,12.8,9.0,14.4,14.9,14.4,20,2,29,0,51,60.0 %,50.0 %,100.0 %,**,69.2 %,48,14,47,28,137,"860,000","1,220,000","1,454,000","2,400,000","1,325,000","1,766,052",22,653000,832000,1119000,1460000,970000,1067374,62
0670/3/Kelowna,2022,apr,10.6,9.6,11.5,10.2,10.5,53,11,17,169,250,67.9 %,70.0 %,50.0 %,**,66.2 %,76,19,64,18,177,"865,000","974,000","1,136,000","1,417,000","1,030,000","1,141,395",62,592000,850000,1208000,1524000,975000,1037857,95
0670/3/Kelowna,2022,aug,11.0,8.7,15.8,11.4,11.7,79,10,13,108,210,74.0 %,100.0 %,36.4 %,35.8 %,43.5 %,89,17,93,202,401,"910,000","1,106,000","1,309,000","1,680,000","1,200,000","1,310,969",85,615000,780000,1192000,1500000,950000,1078753,106
0670/3/Kelowna,2022,dec,10.5,13.7,13.0,10.8,11.4,60,4,49,173,286,61.3 %,33.3 %,81.3 %,**,67.4 %,104,19,43,13,179,"869,000","1,200,000","1,444,000","1,883,000","1,300,000","1,401,416",61,654000,800000,1122000,1471000,960000,1037720,123
0670/3/Kelowna,2022,feb,10.6,9.3,11.2,12.5,10.8,34,6,8,0,48,59.1 %,40.0 %,25.8 %,**,44.7 %,67,18,65,9,159,"800,000","915,000","1,340,000","1,715,000","1,150,000","1,397,195",40,680000,864000,1183000,1502000,990000,1297000,85
0670/3/Kelowna,2022,jan,12.0,11.3,14.5,10.0,10.9,58,13,15,7,93,71.2 %,66.7 %,78.9 %,**,72.7 %,61,14,42,9,126,"880,000","1,038,000","1,280,000","1,520,000","1,190,000","1,227,015",71,639000,876000,1122000,1456000,990000,1026965,75
0670/3/Kelowna,2022,jul,10.7,9.5,13.6,31.5,23.3,84,13,48,179,324,67.1 %,50.0 %,61.4 %,100.0 %,84.3 %,95,21,73,8,197,"897,000","1,044,000","1,252,000","1,629,000","1,132,500","1,273,340",93,619000,818000,1037000,1490000,890000,1058774,116
0670/3/Kelowna,2022,jun,9.7,10.3,11.5,14.4,11.1,75,3,24,0,102,52.8 %,37.5 %,73.3 %,**,54.5 %,100,22,77,9,208,"890,000","1,045,000","1,290,000","1,865,000","1,200,000","1,425,277",77,690000,856000,1121000,1548000,965000,1060882,122
0670/3/Kelowna,2022,mar,12.4,14.0,11.1,22.2,20.0,20,0,14,0,34,34.6 %,0.0 %,45.5 %,0.0 %,8.3 %,73,20,73,187,353,"800,000","1,005,000","1,360,000","1,830,000","1,115,000","1,290,068",19,653000,892000,1121000,1572000,990000,1075542,93
0670/3/Kelowna,2022,may,10.1,7.7,13.2,14.2,11.6,51,8,16,18,93,68.9 %,100.0 %,42.1 %,100.0 %,64.0 %,86,17,86,9,198,"842,000","1,000,000","1,232,000","1,505,000","1,067,500","1,200,889",58,569000,786000,1119000,1510000,950000,1063308,103
0670/3/Kelowna,2022,nov,11.0,14.0,15.6,11.3,12.5,55,6,79,7,147,66.1 %,0.0 %,82.9 %,**,70.8 %,89,17,44,186,336,"1,030,000","1,305,000","1,510,000","1,680,000","1,395,000","1,436,308",60,627000,788000,1111000,1500000,960000,1064469,106
0670/3/Kelowna,2022,oct,10.3,10.7,7.0,14.5,12.8,61,6,21,40,128,73.8 %,37.5 %,75.0 %,100.0 %,77.4 %,85,21,88,193,387,"976,000","1,308,000","1,475,000","1,753,000","1,362,500","1,400,716",66,630000,824000,1118000,1484000,957500,1055379,106
0670/3/Kelowna,2022,sep,11.2,10.0,11.4,11.9,11.3,57,8,19,9,93,67.9 %,100.0 %,100.0 %,**,77.0 %,85,11,93,193,382,"950,000","1,202,000","1,424,000","1,876,000","1,330,000","1,415,675",63,680000,966000,1306000,1600000,1190000,1119757,96
0670/3/Kelowna,2023,apr,12.4,14.8,12.3,9.9,10.6,21,6,24,0,51,20.8 %,50.0 %,88.0 %,0.0 %,47.8 %,126,19,26,21,192,"1,034,000","1,240,000","1,359,000","1,478,000","1,337,500","1,261,381",26,664000,850000,1071000,1474000,950000,1064852,145
0670/3/Kelowna,2023,aug,11.4,3.3,13.4,18.6,14.7,44,2,24,0,70,48.3 %,33.3 %,61.3 %,**,51.6 %,157,30,48,13,248,"1,000,000","1,302,000","1,464,000","1,754,000","1,372,500","1,519,868",44,690000,871000,1166000,1494000,995000,1111616,187
0670/3/Kelowna,2023,dec,13.5,10.5,16.4,13.2,13.6,65,6,20,51,142,56.5 %,75.0 %,47.2 %,75.0 %,61.4 %,186,31,76,21,314,"1,074,000","1,253,000","1,500,000","1,908,000","1,352,500","1,499,164",64,700000,952000,1300000,1600000,1170000,1210900,217
0670/3/Kelowna,2023,feb,19.5,9.0,15.0,18.6,18.2,33,4,8,85,130,47.7 %,50.0 %,100.0 %,100.0 %,81.3 %,120,17,43,13,193,"1,148,000","1,383,000","1,535,000","1,958,000","1,445,000","1,535,929",32,672000,834000,1073000,1416000,960000,1049033,137
0670/3/Kelowna,2023,jan,10.3,11.5,20.1,11.5,13.8,41,10,38,0,89,63.0 %,100.0 %,89.7 %,**,76.4 %,109,13,44,13,179,"1,054,000","1,261,000","1,562,000","1,870,000","1,360,000","1,477,878",51,690000,900000,1200000,1500000,1065000,1068796,122
0670/3/Kelowna,2023,jul,12.9,5.0,16.0,9.7,10.3,45,7,13,0,65,66.0 %,50.0 %,100.0 %,**,68.5 %,143,26,41,13,223,"1,103,000","1,310,000","1,569,000","1,790,000","1,410,000","1,401,807",49,680000,870000,1110000,1485000,990000,1114433,169
0670/3/Kelowna,2023,jun,13.8,15.0,13.5,17.0,15.6,44,1,10,60,115,56.3 %,25.0 %,24.0 %,89.8 %,64.0 %,135,23,44,13,215,"1,085,000","1,171,000","1,412,000","1,856,000","1,300,000","1,542,795",44,676000,853000,1100000,1471000,955000,1081232,158
0670/3/Kelowna,2023,mar,12.1,**,11.3,14.0,12.0,21,4,20,0,45,41.7 %,**,80.0 %,**,61.2 %,123,13,25,13,174,"1,165,000","1,372,000","1,417,000","2,211,000","1,392,500","1,589,404",22,690000,896000,1200000,1478000,1050000,1056928,136
0670/3/Kelowna,2023,may,13.0,8.5,11.8,20.5,17.0,28,3,21,7,59,50.0 %,50.0 %,87.5 %,87.5 %,67.6 %,131,20,29,14,194,"1,049,000","1,300,000","1,408,000","1,706,000","1,300,000","1,505,659",30,660000,850000,1100000,1488000,950000,1096322,151
0670/3/Kelowna,2023,nov,12.0,**,12.7,17.1,14.9,53,2,0,0,55,66.1 %,**,0.0 %,**,55.4 %,166,29,60,12,267,"1,129,000","1,438,000","1,634,000","2,200,000","1,542,500","1,594,305",50,690000,929000,1300000,1573000,1147500,1149158,195
0670/3/Kelowna,2023,oct,11.9,17.0,13.8,9.0,10.3,39,4,10,1,54,70.7 %,0.0 %,90.9 %,**,72.2 %,157,31,48,12,248,"1,300,000","1,461,000","1,758,000","2,145,000","1,620,000","1,685,821",37,690000,920000,1300000,1572000,1100000,1142432,188
0670/3/Kelowna,2023,sep,14.9,18.5,7.0,14.6,14.6,42,1,5,0,48,75.0 %,0.0 %,100.0 %,**,70.8 %,155,33,47,13,248,"966,000","1,310,000","1,544,000","2,080,000","1,442,500","1,553,492",41,690000,900000,1200000,1562000,1062500,1123829,188
0670/3/Kelowna,2024,apr,13.2,13.4,18.0,18.4,16.8,35,22,16,105,178,47.6 %,75.0 %,39.1 %,100.0 %,77.7 %,190,42,88,28,348,"1,050,000","1,124,000","1,392,000","1,734,000","1,255,000","1,400,971",56,700000,997000,1323000,1674000,1250000,1188114,232
0670/3/Kelowna,2024,aug,11.9,19.5,15.9,12.9,13.5,43,4,19,4,70,67.3 %,100.0 %,67.9 %,**,69.1 %,110,30,123,28,291,"610,000","900,000","1,410,000","1,750,000","995,000","1,383,425",43,1100000,1300000,1590000,1834000,1457500,1472464,140
0670/3/Kelowna,2024,dec,10.7,13.2,18.0,6.8,8.2,22,9,10,0,41,30.3 %,10.0 %,100.0 %,**,31.9 %,120,34,97,28,279,"895,000","1,334,000","1,524,000","1,858,000","1,427,500","1,399,522",25,1100000,1315000,1570000,1835000,1472500,1470854,154
0670/3/Kelowna,2024,feb,9.8,13.0,6.0,15.9,12.2,17,3,5,0,25,73.3 %,50.0 %,0.0 %,**,52.0 %,186,36,81,21,324,**,**,**,**,**,"1,425,284",19,700000,994000,1345000,1656000,1247500,1198319,222
0670/3/Kelowna,2024,jan,13.3,8.0,17.0,13.2,12.9,49,6,0,0,55,68.6 %,60.0 %,0.0 %,**,63.1 %,188,35,80,21,324,"1,310,000","1,555,000","1,780,000","2,435,000","1,642,500","1,838,406",50,700000,990000,1297000,1600000,1180000,1202800,223
0670/3/Kelowna,2024,jul,17.2,**,18.3,28.3,25.3,77,3,46,0,126,85.1 %,**,60.3 %,0.0 %,72.1 %,104,30,114,32,280,"813,000","1,250,000","1,483,000","1,815,000","1,315,000","1,426,598",75,1100000,1300000,1550000,1800000,1437500,1454888,134
0670/3/Kelowna,2024,jun,29.9,17.5,25.5,12.9,26.6,133,17,22,0,172,81.7 %,25.0 %,71.0 %,**,73.7 %,108,33,106,28,275,"650,000","768,000","965,000","1,368,000","870,000","1,033,343",147,1262000,1453000,1664000,1875000,1550000,1448661,141
0670/3/Kelowna,2024,mar,18.3,20.0,26.0,29.6,26.3,22,0,0,41,63,47.4 %,0.0 %,**,75.9 %,64.9 %,183,40,81,34,338,"1,052,000","1,353,000","1,595,000","2,278,000","1,470,000","1,689,436",22,700000,980000,1300000,1622000,1180000,1160791,223
0670/3/Kelowna,2024,may,10.3,11.0,14.9,19.2,17.1,44,2,3,0,49,40.0 %,0.0 %,0.0 %,**,28.6 %,181,42,97,28,348,"565,000","675,000","1,200,000","1,660,000","960,000","1,210,044",46,808000,1100000,1364000,1675000,1240000,1262757,223
0670/3/Kelowna,2024,nov,12.7,19.9,16.8,16.7,15.9,29,9,17,0,55,40.9 %,50.0 %,0.0 %,**,35.6 %,109,33,103,28,273,"1,064,000","1,514,000","1,833,000","2,274,000","1,700,000","1,787,800",36,1096000,1253000,1516000,1767000,1395000,1419713,142
0670/3/Kelowna,2024,oct,12.4,**,**,23.6,20.7,21,2,0,0,23,56.5 %,**,**,**,56.5 %,116,28,115,28,287,"1,268,000","1,519,000","1,929,000","2,509,000","1,640,000","1,865,893",22,1100000,1265000,1550000,1810000,1450000,1451533,144
0670/3/Kelowna,2024,sep,9.7,7.0,15.8,17.3,16.0,37,2,34,49,122,48.8 %,0.0 %,84.6 %,100.0 %,77.1 %,114,30,115,28,287,"864,000","1,512,000","1,703,000","1,958,000","1,612,500","1,640,121",38,1080000,1250000,1550000,1865000,1410000,1448098,144
0670/3/Kelowna,2025,apr,11.7,29.0,28.5,11.8,14.0,28,2,21,32,83,81.5 %,0.0 %,14.8 %,39.5 %,42.3 %,115,26,108,77,326,"740,000","1,283,000","1,463,000","1,872,000","1,335,000","1,478,204",27,1110000,1394000,1576000,1832000,1490000,1560336,141
0670/3/Kelowna,2025,aug,12.4,15.0,27.0,26.9,22.4,41,4,33,0,78,63.3 %,100.0 %,100.0 %,**,83.6 %,93,21,142,82,338,"1,437,000","1,604,000","1,800,000","2,460,000","1,720,000","1,856,258",44,1170000,1395000,1635000,1830000,1490000,1565577,114
0670/3/Kelowna,2025,feb,13.3,**,10.0,40.8,38.4,18,2,6,261,287,52.6 %,**,**,100.0 %,96.8 %,111,28,102,28,269,"1,204,000","1,487,000","1,611,000","1,972,000","1,500,000","1,533,336",19,1125000,1365000,1555000,1800000,1480000,1519391,139
0670/3/Kelowna,2025,jan,12.5,21.0,17.5,21.5,19.4,34,4,20,0,58,87.5 %,**,48.4 %,**,65.5 %,110,30,108,28,276,"1,150,000","1,370,000","1,720,000","2,085,000","1,565,000","1,700,557",34,1100000,1317000,1550000,1800000,1457500,1459253,140
0670/3/Kelowna,2025,jul,15.6,9.6,10.0,12.9,13.4,30,14,11,7,62,53.7 %,70.0 %,50.0 %,**,55.9 %,104,21,142,82,349,"1,325,000","1,550,000","1,900,000","2,220,000","1,690,000","1,557,575",43,1188000,1410000,1638000,1830000,1490000,1583040,125
0670/3/Kelowna,2025,jun,15.5,**,18.8,29.2,24.3,24,3,6,8,41,50.0 %,**,19.4 %,15.4 %,28.1 %,93,25,145,89,352,"1,085,000","1,496,000","1,872,000","2,470,000","1,677,500","1,987,361",25,1178000,1400000,1577000,1800000,1490000,1517754,118
0670/3/Kelowna,2025,mar,14.5,14.0,7.0,16.8,13.6,16,4,15,0,35,47.6 %,0.0 %,60.0 %,**,50.0 %,116,26,102,28,272,"1,357,000","1,521,000","1,644,000","2,343,000","1,620,000","1,776,402",19,1115000,1391000,1567000,1828000,1485000,1558577,142
0670/3/Kelowna,2025,may,9.8,14.8,13.5,26.7,25.7,34,8,16,156,214,75.0 %,50.0 %,21.4 %,95.7 %,82.5 %,97,28,120,84,329,"1,189,000","1,380,000","1,640,000","1,872,000","1,510,000","1,421,324",41,1100000,1395000,1573000,1800000,1485000,1565873,125
0670/3/Kelowna,2025,sep,13.3,7.0,15.0,22.4,21.8,42,1,0,132,175,76.9 %,0.0 %,0.0 %,100.0 %,91.9 %,77,22,147,77,323,"1,320,000","1,515,000","1,745,000","2,195,000","1,660,000","1,768,623",35,1125000,1395000,1575000,1830000,1460000,1553814,99
