year,cma_code,Age of Primary Household Maintainer - 15 - 24,Age of Primary Household Maintainer - 25 - 34,Age of Primary Household Maintainer - 35 - 44,Age of Primary Household Maintainer - 45 - 54,Age of Primary Household Maintainer - 55 - 64,Age of Primary Household Maintainer - Total 65+,Age of Primary Household Maintainer - Total,Mobility of Primary Household Maintainer - 15 - 24,Mobility of Primary Household Maintainer - 25 - 34,Mobility of Primary Household Maintainer - 35 - 44,Mobility of Primary Household Maintainer - 45 - 54,Mobility of Primary Household Maintainer - 55 - 64,Mobility of Primary Household Maintainer - Total 65+,Mobility of Primary Household Maintainer - Total,Household Type - Couple-With-Children,Household Type - Couple-Without-Children,Household Type - Total Lone- Parent Households,Household Type - Multiple- Family,Household Type - Total One- Person Households,Household Type - Other Non-Family,Household Type - Total,Household Size - One-Person Household,Household Size - Two-Person Household,Household Size - Three-Person Household,Household Size - Four-Person Household,Household Size - Five-Or-More-Person Household,Household Size - Total,Immigrant Households - Non-Immigrant,Immigrant Households - Non-Permanent Resident,Immigrant Households - Immigrant,Immigrant Households - Recent Immigrant,Immigrant Households - Total,Households with Seniors - Household Has at Least One Senior (65 or Older),Households with Seniors - Other Household Type,Households with Seniors - Total,Households with Children Under 18 - Household Has at Least One Child Less Than 18 Years Old,Households with Children Under 18 - Other Household Type,Households with Children Under 18 - Total,Activity Limitations - Household Has at Least One Person With Activity Limitations,Activity Limitations - Other Household Type,Activity Limitations - Total,Aboriginal Households - Aboriginal Households,Aboriginal Households - Non-Aboriginal Households,Aboriginal Households - Total,Shelter Costs - Less Than $500 Per Month,Shelter Costs - $500 to $999 Per Month,"Shelter Costs - $1,000 to $1,499 Per Month","Shelter Costs - $1,500 to $1,999 Per Month","Shelter Costs - $2,000 And Over Per Month","Shelter Costs - Total Non-Farm, Non-Band Households",Mortgages - With a Mortgage,Mortgages - Without a Mortgage,Mortgages - Total Private Households With Mortgage Status Known,"Household Income - Less Than $20,000","Household Income - $20,000 to $39,999","Household Income - $40,000 to $59,999","Household Income - $60,000 to $79,999","Household Income - $80,000 to $99,999","Household Income - $100,000 And Over",Household Income - Total,Condominiums - Part of a Condominium,Condominiums - Not Part of a Condominium,Condominiums - Total,Housing Suitability - Suitable,Housing Suitability - Not Suitable (Crowded),Housing Suitability - Total,Value of Owner-occupied Dwellings ($) - Single-Detached,Value of Owner-occupied Dwellings ($) - Semi-Detached,Value of Owner-occupied Dwellings ($) - Row,Value of Owner-occupied Dwellings ($) - Duplex,Value of Owner-occupied Dwellings ($) - Low-Rise Apt.,Value of Owner-occupied Dwellings ($) - High-Rise Apt.,Value of Owner-occupied Dwellings ($) - Other,Value of Owner-occupied Dwellings ($) - Total,Period of Construction and Condition of Dwelling - Needs Only Regular Maintenance,Period of Construction and Condition of Dwelling - Needs Minor Repairs,Period of Construction and Condition of Dwelling - Needs Major Repairs,Period of Construction and Condition of Dwelling - Total
2006,0140/3/Calgary,"20,165","80,195","97,790","99,395","58,425","59,640","415,605","19,375","70,600","60,505","38,535","17,475","13,730","220,205","137,820","102,420","37,995","8,260","103,545","25,560","415,605","103,545","136,275","69,250","67,860","38,680","415,605","302,455","3,705","109,440","16,190","415,605","70,095","345,515","415,605","137,045","278,560","415,605","121,215","294,390","415,605","13,960","401,640","415,605","71,575","128,510","116,960","67,335","30,595","414,975","205,430","101,880","307,310","39,920","67,315","72,190","62,365","49,305","124,505","415,605","55,365","252,560","307,925","394,660","20,945","415,605","419,411","315,410","254,370","357,244","237,940","311,565","90,200","381,866","297,090","98,365","20,145","415,605"
2006,0340/3/Edmonton,"24,295","71,225","85,280","92,730","60,590","71,150","405,275","23,205","61,195","47,180","33,345","16,780","15,585","197,290","126,930","101,105","41,190","7,375","107,130","21,545","405,275","107,130","134,665","64,275","62,300","36,895","405,275","313,720","3,120","88,435","9,105","405,275","80,450","324,820","405,275","126,360","278,915","405,275","134,740","270,530","405,275","23,985","381,290","405,275","85,930","152,265","101,505","45,970","17,150","402,815","169,730","109,210","278,940","48,240","74,255","70,005","60,340","49,265","103,165","405,275","44,935","235,700","280,640","382,495","22,775","405,275","288,002","219,326","168,105","241,809","171,305","204,069","101,232","264,986","274,195","107,740","23,335","405,275"
2006,0370/3/Fredericton,"2,150","5,780","7,105","7,155","5,850","6,865","34,895","2,035","4,850","3,475","2,135","1,065","1,165","14,730","10,750","9,970","3,220",385,"8,530","2,045","34,895","8,525","13,035","6,000","5,135","2,190","34,895","31,975",175,"2,745",365,"34,895","7,515","27,375","34,895","10,445","24,450","34,895","11,920","22,970","34,895","1,135","33,765","34,895","10,885","14,400","7,040","1,500",725,"34,550","14,250","10,700","24,950","4,775","8,125","7,030","5,510","3,700","5,760","34,895",415,"24,625","25,035","33,735","1,160","34,895","169,710","172,191","147,448","170,217","152,347","237,602","54,363","158,777","21,820","10,375","2,705","34,895"
2006,0460/3/Guelph,"2,200","8,520","10,720","10,665","7,260","9,405","48,770","2,140","7,180","5,905","3,610","1,890","1,800","22,530","16,635","12,500","4,925",820,"11,825","2,060","48,770","11,825","16,275","7,935","8,190","4,545","48,770","36,385",255,"12,130","1,200","48,770","10,630","38,140","48,770","16,205","32,565","48,770","16,365","32,410","48,770",740,"48,030","48,770","8,315","17,340","10,970","8,415","3,570","48,600","21,625","12,920","34,545","5,555","7,755","8,585","7,855","6,330","12,700","48,770","4,510","30,185","34,695","46,420","2,345","48,770","302,696","214,147","201,921","291,933","208,827","172,604","391,382","282,392","34,770","11,450","2,550","48,770"
2006,0580/3/Halifax,"8,550","25,400","33,135","34,315","25,450","28,275","155,125","8,185","20,950","16,415","10,560","5,765","4,625","66,500","44,405","41,025","15,895","1,930","43,030","8,845","155,125","43,030","55,145","25,725","21,730","9,505","155,125","141,020",910,"13,195","1,530","155,125","31,650","123,475","155,125","44,270","110,855","155,125","54,660","100,465","155,125","3,110","152,015","155,125","33,650","67,440","36,080","12,340","5,550","155,050","62,105","37,095","99,200","23,825","33,080","28,590","23,690","17,020","28,925","155,125","6,595","92,645","99,245","148,575","6,555","155,125","224,335","158,504","189,104","251,898","207,891","238,303","59,639","212,937","100,560","43,960","10,605","155,125"
2006,0610/3/Hamilton,"7,315","34,820","56,615","59,200","44,570","63,940","266,460","6,830","28,600","28,245","19,320","10,165","10,545","103,705","90,395","66,680","29,420","4,595","68,055","7,315","266,460","68,060","86,255","43,155","44,035","24,955","266,460","182,550","1,905","82,005","5,905","266,460","71,265","195,190","266,460","84,510","181,950","266,460","99,520","166,940","266,460","5,010","261,450","266,460","44,285","109,540","55,405","36,545","20,080","265,860","111,010","79,250","190,260","34,435","50,650","46,635","39,565","30,255","64,915","266,460","26,235","164,595","190,825","251,930","14,530","266,460","299,092","205,655","218,495","248,603","200,509","196,935","235,425","278,776","180,075","68,635","17,745","266,460"
2006,0670/3/Kelowna,"2,600","7,520","11,865","14,635","11,495","18,875","67,000","2,505","6,370","7,235","6,710","4,685","6,090","33,600","16,880","22,520","6,420","1,210","17,135","2,835","67,000","17,130","27,195","9,195","8,760","4,715","67,000","451,770","14,050","351,410",660,"67,000","20,550","46,455","67,000","17,915","49,080","67,000","26,155","40,850","67,000","2,795","64,200","67,000","20,360","19,045","14,685","8,370","3,965","66,425","28,970","22,245","51,215","9,340","16,350","13,930","9,570","6,915","10,900","67,000","11,350","40,415","51,765","64,500","2,495","67,000","433,546","335,721","285,239","407,830","219,650","330,921","99,823","374,151","48,925","15,055","3,015","67,000"
2006,0850/3/Kitchener%20-%20Cambridge%20-%20Waterloo,"7,290","28,900","38,990","36,995","26,035","30,975","169,175","6,985","24,165","21,110","12,380","6,300","5,680","76,620","61,200","42,250","17,275","2,700","39,175","6,580","169,175","39,175","54,705","29,090","29,985","16,225","169,175","120,630","1,475","47,070","4,875","169,175","35,060","134,120","169,175","57,985","111,195","169,175","55,230","113,945","169,175","2,630","166,550","169,175","30,335","61,965","43,875","22,665","10,030","168,865","74,935","42,815","117,750","18,300","29,960","30,430","27,760","22,215","40,500","169,175","10,655","107,380","118,035","159,675","9,500","169,175","280,768","196,178","195,164","229,852","202,081","165,616","277,300","261,025","121,300","38,925","8,950","169,175"
2006,0950/3/London,"9,215","28,290","37,945","40,040","29,935","39,530","184,950","8,735","23,615","20,185","13,960","8,205","7,795","82,505","56,610","47,560","19,710","1,930","51,975","7,165","184,950","51,975","62,555","28,570","27,110","14,735","184,950","140,525","1,520","42,905","3,740","184,950","43,260","141,690","184,950","56,030","128,925","184,950","68,135","116,815","184,950","3,380","181,570","184,950","35,930","80,230","42,640","17,360","7,800","183,960","74,230","46,805","121,035","26,770","37,735","34,830","28,575","20,150","36,895","184,950","15,410","106,560","121,965","176,145","8,800","184,950","229,861","149,768","162,769","199,225","159,089","147,333","144,168","215,743","129,225","44,205","11,520","184,950"
2006,1040/3/Moncton,"2,895","8,745","10,055","10,635","8,575","10,680","51,595","2,770","7,205","4,755","3,375","2,065","2,235","22,405","15,085","15,245","5,445",680,"12,590","2,555","51,595","12,590","19,930","8,890","7,255","2,935","51,595","49,450",145,"2,000",215,"51,595","11,845","39,750","51,595","14,760","36,835","51,595","17,455","34,145","51,595",665,"50,935","51,595","15,170","23,065","9,970","2,315","1,020","51,555","22,330","13,830","36,160","8,045","11,970","10,500","8,530","5,470","7,070","51,595","1,140","35,055","36,195","50,070","1,520","51,595","147,272","134,857","115,736","135,509","153,286","130,630","53,713","139,603","34,015","14,170","3,410","51,595"
2006,1060/3/Montréal,"58,950","243,760","323,305","334,710","254,440","310,575","1,525,745","54,600","197,665","164,075","109,795","61,310","57,360","644,810","438,940","355,405","169,795","15,175","481,420","65,010","1,525,745","481,420","492,915","240,570","209,135","101,700","1,525,745","1,150,475","16,865","358,405","60,130","1,525,745","348,070","1,177,670","1,525,745","438,940","1,086,800","1,525,745","350,770","1,174,975","1,525,745","11,635","1,514,110","1,525,745","373,715","740,535","275,870","89,220","45,450","1,524,795","504,370","309,035","813,405","273,730","359,135","294,260","211,855","143,345","243,420","1,525,745","108,510","705,800","814,305","1,423,635","102,110","1,525,745","242,258","233,889","236,342","261,933","246,302","283,656","164,184","244,417","971,920","435,880","117,945","1,525,745"
2006,1160/3/St.%20Catharines%20-%20Niagara,"4,325","18,080","29,710","33,010","28,125","43,225","156,465","3,980","14,260","14,110","9,670","6,800","7,050","55,875","47,200","43,630","17,410","2,120","41,840","4,265","156,465","41,845","55,075","24,455","22,710","12,385","156,465","118,650",915,"36,910","2,155","156,465","46,925","109,540","156,465","45,020","111,455","156,465","61,465","95,000","156,465","3,815","152,655","156,465","37,590","64,485","34,325","13,620","5,655","155,675","62,040","53,935","115,975","22,080","34,910","30,945","24,175","17,235","27,125","156,465","6,340","110,395","116,730","149,470","6,995","156,465","219,492","161,126","198,164","190,414","172,664","165,294","199,186","212,767","106,730","39,335","10,405","156,465"
2006,1250/3/Oshawa,"2,455","17,225","29,545","28,690","18,865","22,230","119,015","2,240","14,085","14,730","9,300","4,850","4,675","49,885","46,895","28,750","13,825","2,525","23,875","3,145","119,015","23,875","36,825","21,530","23,910","12,870","119,015","92,155",230,"26,630",995,"119,015","25,855","93,155","119,015","46,015","73,000","119,015","42,525","76,495","119,015","2,610","116,405","119,015","16,205","36,985","28,145","25,055","12,430","118,810","63,535","29,790","93,325","11,105","17,200","19,730","18,980","16,145","35,865","119,015","4,895","88,630","93,530","113,765","5,250","119,015","288,067","192,506","199,521","233,017","194,616","208,818","154,043","270,045","83,660","28,970","6,385","119,015"
2006,1265/3/Ottawa,"13,510","51,865","74,620","76,590","55,385","61,355","333,320","12,805","43,770","40,110","26,095","13,010","10,090","145,890","107,410","81,885","34,235","4,345","90,005","15,435","333,320","90,005","108,800","53,760","52,615","28,145","333,320","247,280","2,765","83,275","8,405","333,320","70,195","263,130","333,320","103,315","230,005","333,320","109,365","223,955","333,320","7,675","325,645","333,320","49,225","126,265","80,715","50,025","26,475","332,700","133,125","88,565","221,690","37,995","51,050","52,350","49,680","40,085","102,160","333,320","35,355","186,925","222,280","314,415","18,900","333,320","330,589","253,454","219,001","307,028","252,006","220,612","147,885","294,536","222,865","89,720","20,740","333,320"
2006,1400/3/Québec,"13,670","49,040","57,650","72,420","59,620","64,260","316,650","12,735","40,225","26,245","20,845","13,390","11,470","124,910","82,125","85,755","30,400","1,325","104,200","12,835","316,650","104,200","113,240","47,220","38,065","13,930","316,650","304,750",740,"11,170","2,590","316,650","69,325","247,325","316,650","79,290","237,360","316,650","62,075","254,575","316,650","2,715","313,935","316,650","105,000","149,775","48,330","9,390","3,870","316,375","110,740","74,620","185,360","51,655","73,845","63,475","49,270","31,900","46,510","316,650","20,390","165,205","185,595","307,710","8,940","316,650","167,490","136,687","149,981","146,692","138,606","202,631","100,461","159,861","215,050","81,980","19,620","316,650"
2006,1490/3/Regina,"4,850","13,050","15,485","17,960","12,275","16,695","80,320","4,680","10,655","7,435","5,040","2,800","3,570","34,180","22,590","19,975","9,435",845,"23,605","3,875","80,320","23,605","27,270","12,280","11,370","5,805","80,320","72,750",345,"7,225",675,"80,320","17,800","62,520","80,320","24,035","56,280","80,320","27,165","53,160","80,320","7,215","73,105","80,320","20,970","36,840","15,825","4,455","1,850","79,945","32,050","23,915","55,965","10,695","17,145","15,195","11,960","9,255","16,075","80,320","5,110","51,220","56,330","76,845","3,480","80,320","161,443","122,276","143,063","121,466","141,350","110,947","54,565","157,617","50,565","23,450","6,300","80,320"
2006,1600/3/Saint%20John,"1,880","6,845","9,720","11,240","8,520","10,920","49,125","1,720","5,345","4,410","3,030","1,910","1,625","18,040","14,795","13,320","6,115",665,"12,520","1,710","49,125","12,520","17,525","8,245","7,360","3,480","49,125","46,250",370,"2,505",240,"49,125","11,940","37,185","49,125","15,340","33,785","49,125","18,590","30,535","49,125",770,"48,360","49,125","17,895","20,815","7,930","1,730",715,"49,080","19,090","15,260","34,350","8,215","11,645","9,685","7,145","4,645","7,790","49,125",950,"33,440","34,390","47,360","1,765","49,125","146,991","124,732","119,423","116,705","156,391","100,237","50,916","139,978","28,685","16,060","4,380","49,125"
2006,1640/3/St.%20John's,"2,915","11,155","15,555","15,890","12,355","12,795","70,665","2,775","9,075","7,345","4,200","2,450","2,145","27,980","24,080","17,295","9,095","1,020","15,780","3,385","70,665","15,785","24,135","14,140","12,050","4,550","70,665","67,705",310,"2,650",295,"70,665","14,435","56,230","70,665","22,285","48,380","70,665","22,115","48,550","70,665","1,045","69,615","70,665","18,930","29,620","16,380","4,260","1,435","70,625","32,035","18,475","50,510","11,810","14,685","13,505","10,235","7,255","13,180","70,665","1,545","49,000","50,545","68,460","2,205","70,665","171,879","132,449","108,538","166,975","145,246","168,673","128,656","164,374","50,010","16,775","3,870","70,665"
2006,1700/3/Saskatoon,"7,500","16,585","17,965","20,910","13,370","18,940","95,275","7,180","13,480","8,955","6,705","3,545","4,710","44,575","26,970","24,035","10,310",935,"27,485","5,540","95,275","27,485","32,525","14,045","13,450","7,775","95,275","85,690",935,"8,650",995,"95,275","20,290","74,985","95,275","28,735","66,540","95,275","32,490","62,785","95,275","9,230","86,045","95,275","24,160","42,370","20,315","5,725","2,055","94,620","38,135","24,945","63,080","15,835","21,420","17,400","14,020","10,260","16,340","95,275","8,560","55,125","63,685","91,285","3,990","95,275","184,160","217,385","150,781","152,381","125,675","153,000","64,609","176,948","63,635","25,935","5,700","95,275"
2006,1800/3/Sherbrooke,"5,645","12,905","15,265","17,615","14,445","16,890","82,765","5,445","10,620","7,630","6,130","4,055","3,875","37,765","20,355","22,065","8,355",310,"28,130","3,540","82,765","28,130","29,380","11,290","9,480","4,480","82,765","77,940",390,"4,425","1,220","82,765","18,110","64,655","82,765","21,745","61,025","82,765","18,540","64,225","82,765",770,"81,995","82,765","32,785","36,625","10,230","1,915","1,050","82,605","26,810","17,320","44,130","17,385","21,780","16,705","11,390","6,580","8,915","82,765","2,310","41,960","44,270","79,990","2,775","82,765","173,340","134,604","134,233","145,934","153,744","207,892","89,079","166,686","57,765","20,375","4,625","82,765"
2006,2000/3/Greater%20Sudbury%20%2F%20Grand%20Sudbury,"2,830","8,885","12,895","14,015","11,485","14,975","65,080","2,645","6,740","5,630","4,260","2,220","2,020","23,515","19,620","18,130","7,350",620,"17,545","1,820","65,080","17,545","23,280","10,500","9,830","3,920","65,080","58,765",125,"6,185",195,"65,080","16,155","48,925","65,080","19,100","45,975","65,080","26,515","38,565","65,080","5,470","59,605","65,080","18,525","28,020","12,675","4,220","1,545","64,970","24,280","19,220","43,500","10,045","13,185","11,870","9,255","7,355","13,360","65,080",395,"43,145","43,540","63,040","2,035","65,080","169,617","120,552","113,903","141,418","158,584","277,046","113,684","164,892","41,095","18,875","5,110","65,080"
2006,2270/3/Toronto,"41,140","261,365","443,080","425,515","291,105","339,055","1,801,255","37,055","220,010","258,140","160,620","72,240","55,945","804,010","686,925","359,205","201,040","75,930","412,450","65,710","1,801,255","412,455","489,105","320,935","338,390","240,375","1,801,255","787,510","23,490","990,250","119,090","1,801,255","428,060","1,373,195","1,801,255","654,060","1,147,195","1,801,255","574,825","1,226,425","1,801,255","15,550","1,785,705","1,801,255","216,320","593,610","400,015","326,890","263,330","1,800,170","750,380","465,825","1,216,205","232,780","313,100","297,315","255,905","202,925","499,225","1,801,255","226,635","990,480","1,217,120","1,579,030","222,225","1,801,255","466,322","336,376","294,838","404,793","354,940","254,436","384,065","403,092","1,258,480","434,930","107,840","1,801,255"
2006,2320/3/Trois-Rivières,"3,145","8,205","11,155","14,425","12,225","14,720","63,875","2,980","6,815","5,170","4,535","3,015","2,915","25,425","15,375","17,210","6,530",280,"22,190","2,285","63,875","22,195","22,740","9,145","7,265","2,530","63,875","62,395",115,"1,355",360,"63,875","15,800","48,075","63,875","15,670","48,205","63,875","14,895","48,980","63,875",740,"63,135","63,875","31,155","25,370","5,745",825,605,"63,700","20,545","16,105","36,650","14,705","16,680","11,865","8,205","5,460","6,955","63,875","1,165","35,640","36,810","62,475","1,395","63,875","118,834","105,159","101,213","102,202","110,503","131,461","84,306","115,555","42,820","16,860","4,190","63,875"
2006,2410/3/Vancouver,"26,960","118,120","184,375","192,915","136,460","158,400","817,225","24,775","101,210","113,310","78,450","41,325","32,720","391,795","260,775","182,750","77,540","28,170","232,135","35,865","817,225","232,130","244,995","128,635","126,280","85,185","817,225","40,010",445,"15,495","43,310","817,225","193,320","623,905","817,225","246,680","570,550","817,225","279,460","537,770","817,225","21,805","795,420","817,225","178,850","272,415","152,590","108,020","103,805","815,685","315,330","215,375","530,705","131,545","160,980","147,235","117,105","83,510","176,865","817,225","164,600","367,120","531,725","734,570","82,660","817,225","631,331","492,965","347,697","588,742","317,550","401,340","180,726","520,330","570,490","191,140","55,600","817,225"
2006,2440/3/Victoria,"6,925","18,930","25,530","30,995","26,115","36,940","145,435","6,690","16,420","15,285","12,435","8,745","8,415","67,990","33,665","41,165","13,560","1,740","48,320","6,975","145,435","48,325","53,135","19,535","16,710","7,730","145,435","111,075","1,175","33,180","1,655","145,435","40,235","105,195","145,435","34,300","111,135","145,435","56,355","89,075","145,435","5,555","139,875","145,435","39,415","50,690","25,110","17,470","12,240","144,920","52,080","41,735","93,815","21,560","31,395","28,195","21,920","15,200","27,165","145,435","19,670","74,460","94,130","138,460","6,970","145,435","538,009","430,315","382,713","521,437","310,773","383,762","193,636","481,917","103,245","33,635","8,555","145,435"
2006,2640/3/Windsor,"4,335","19,190","28,120","26,715","20,530","26,945","125,840","4,075","14,620","13,205","7,985","4,680","4,095","48,655","42,340","29,655","14,260","2,015","33,830","3,735","125,840","33,830","39,425","20,235","20,255","12,085","125,840","90,465","1,325","34,050","3,790","125,840","30,165","95,675","125,840","41,060","84,780","125,840","44,780","81,060","125,840","3,075","122,765","125,840","26,875","49,360","30,440","13,180","5,705","125,555","55,225","37,995","93,220","18,430","23,350","21,510","18,185","14,035","30,325","125,840","5,980","87,515","93,500","118,785","7,055","125,840","210,037","165,586","166,322","142,426","146,302","157,057","200,762","203,133","91,800","26,625","7,415","125,840"
2006,2680/3/Winnipeg,"12,425","42,595","56,770","62,620","45,545","61,795","281,760","11,860","33,980","27,560","19,155","10,120","11,135","113,810","82,455","66,700","31,655","4,395","85,020","11,530","281,760","85,020","90,310","42,745","41,040","22,640","281,760","221,940","2,175","57,645","6,795","281,760","67,425","214,335","281,760","82,975","198,785","281,760","101,185","180,570","281,760","31,755","250,010","281,760","88,425","127,970","46,270","12,835","5,700","281,200","110,260","78,495","188,755","44,035","64,130","54,805","42,365","28,945","47,480","281,760","13,425","175,800","189,220","262,595","19,165","281,760","174,856","120,544","119,579","126,187","129,439","142,985","89,694","168,250","176,125","81,890","23,745","281,760"
2006,3300/3/Charlottetown,"1,070","3,140","4,710","5,225","4,175","5,070","23,400","1,040","2,530","2,385","1,585","1,100",940,"9,585","7,135","6,155","2,615",225,"6,170","1,100","23,400","6,165","8,225","3,755","3,360","1,890","23,400","22,010",80,"1,305",125,"23,400","5,450","17,945","23,400","6,940","16,455","23,400","8,005","15,395","23,400",365,"23,025","23,400","6,085","11,060","4,490","1,160",435,"23,230","9,085","6,370","15,455","3,685","5,755","4,555","3,735","2,485","3,180","23,400",95,"15,515","15,610","22,400","1,000","23,400","173,117","148,687","152,073","164,283","180,229",0,"77,662","166,826","15,020","6,905","1,475","23,400"
2011,0140/3/Calgary,"17,590","91,130","100,935","109,490","77,305","67,550","464,000","16,360","76,045","57,025","37,400","18,350","10,705","215,890","154,545","114,285","40,720","10,165","115,730","28,555","464,000","115,730","149,600","78,350","76,540","43,785","464,000","324,715","6,935","132,350","19,505","464,000","79,120","384,880","464,000","150,745","313,260","464,000","133,575","330,430","464,000","17,210","446,785","464,000","64,850","110,630","109,455","95,195","82,715","462,840","223,170","118,770","341,940","41,070","55,575","63,670","62,110","54,800","186,785","464,000","94,635","369,365","464,000","440,295","23,705","464,000","513,695","396,614","311,312","429,912","276,874","381,196","91,408","466,440","332,620","107,440","23,940","464,000"
2011,0340/3/Edmonton,"22,855","86,230","87,025","100,065","78,085","76,540","450,795","21,590","70,100","47,785","34,010","18,345","11,875","203,710","139,790","114,755","44,385","8,690","116,000","27,170","450,795","116,005","151,555","73,735","68,970","40,535","450,795","340,375","7,440","102,980","14,600","450,795","86,800","363,995","450,795","137,030","313,770","450,795","145,735","305,065","450,795","29,290","421,505","450,795","62,445","131,010","107,555","82,700","63,945","447,655","192,510","123,280","315,790","43,540","61,055","63,990","59,635","53,790","168,790","450,795","87,475","363,325","450,795","424,870","25,925","450,795","435,039","329,825","262,611","346,033","245,573","305,295","137,879","394,849","309,645","111,815","29,335","450,795"
2011,0370/3/Fredericton,"2,450","6,285","7,075","7,980","7,285","7,965","39,040","2,375","5,015","3,435","2,690","1,565","1,335","16,415","11,005","11,805","3,515",525,"9,920","2,270","39,040","9,925","14,990","6,550","5,280","2,295","39,040","35,885",275,"2,880",540,"39,040","8,735","30,300","39,040","10,940","28,095","39,040","13,910","25,125","39,040","1,655","37,385","39,040","9,950","15,075","8,935","3,190","1,395","38,545","16,150","11,710","27,860","4,810","7,645","6,865","5,665","4,375","9,680","39,040","1,405","37,630","39,040","37,635","1,405","39,040","214,283","203,890","194,442","225,903","196,355","269,732","80,752","199,671","24,870","10,840","3,325","39,040"
2011,0460/3/Guelph,"2,320","8,625","10,085","12,485","9,840","11,515","54,870","2,130","6,865","5,090","3,965","2,455","2,235","22,745","17,725","14,290","5,325","1,220","13,640","2,675","54,870","13,640","18,235","9,040","9,255","4,700","54,870","41,910",280,"12,685",730,"54,870","13,055","41,810","54,870","17,295","37,570","54,870","18,860","36,010","54,870","1,270","53,600","54,870","7,565","19,660","11,275","9,635","6,495","54,630","24,190","15,455","39,645","5,770","8,320","8,920","7,635","6,690","17,530","54,870","7,040","47,835","54,870","51,815","3,055","54,870","378,580","270,488","247,165","341,055","238,556","210,638","183,201","348,718","40,135","11,910","2,825","54,870"
2011,0580/3/Halifax,"9,785","26,570","29,640","37,640","30,090","31,420","165,150","9,300","22,225","14,095","11,195","6,830","5,120","68,760","43,650","45,215","16,575","2,200","46,790","10,720","165,150","46,785","60,590","27,060","21,460","9,255","165,150","148,550","2,025","14,580","2,480","165,150","35,135","130,010","165,150","43,690","121,465","165,150","58,885","106,265","165,150","5,680","159,475","165,150","26,240","66,345","41,230","21,085","10,180","165,075","65,895","37,725","103,625","21,940","29,780","28,085","23,720","19,050","42,575","165,150","9,635","155,515","165,150","158,255","6,895","165,150","286,316","193,316","226,857","320,971","257,910","268,025","76,099","268,607","108,530","44,355","12,260","165,150"
2011,0610/3/Hamilton,"7,600","34,885","50,350","65,195","52,805","71,355","282,190","6,975","28,490","24,835","19,930","12,035","11,825","104,100","89,755","70,920","31,785","5,090","75,505","9,125","282,190","75,505","92,020","45,030","45,240","24,395","282,190","198,755","2,060","81,365","5,135","282,190","78,945","203,240","282,190","83,380","198,805","282,190","111,390","170,795","282,190","6,495","275,690","282,190","37,695","112,360","58,540","42,715","30,190","281,500","118,445","82,490","200,935","32,355","49,360","47,085","38,245","32,545","82,595","282,190","36,405","245,780","282,190","266,075","16,115","282,190","369,507","274,659","267,668","292,782","246,225","244,978","192,923","343,367","193,875","69,245","19,060","282,190"
2011,0670/3/Kelowna,"2,645","9,415","11,265","15,760","14,790","21,070","74,950","2,510","7,950","6,395","6,350","5,125","4,900","33,230","18,560","24,855","6,365","1,340","19,955","3,870","74,950","19,960","29,975","10,640","9,410","4,960","74,950","62,340",340,"12,275",835,"74,950","22,915","52,040","74,950","18,815","56,135","74,950","28,635","46,310","74,950","4,175","70,770","74,950","19,850","17,175","15,200","11,700","10,385","74,310","32,510","23,960","56,475","9,185","15,135","13,440","11,160","8,340","17,685","74,950","15,520","59,430","74,950","72,305","2,645","74,950","540,020","424,519","333,920","471,770","272,749","440,868","141,115","464,474","57,055","14,430","3,470","74,950"
2011,0850/3/Kitchener%20-%20Cambridge%20-%20Waterloo,"7,115","29,620","36,795","42,060","31,065","34,835","181,495","6,775","23,945","18,030","12,990","6,925","5,915","74,585","61,650","46,110","19,055","3,270","43,500","7,910","181,495","43,495","59,410","30,910","31,200","16,470","181,495","130,085","1,420","49,990","4,285","181,495","39,780","141,710","181,495","58,910","122,585","181,495","61,870","119,625","181,495","3,605","177,885","181,495","24,715","65,240","43,145","31,240","16,755","181,095","80,695","46,305","127,005","17,880","29,465","31,005","26,660","22,095","54,395","181,495","17,305","164,190","181,495","171,605","9,890","181,495","344,053","227,731","236,231","313,772","231,537","199,697","168,837","317,549","130,550","41,470","9,480","181,495"
2011,0950/3/London,"9,050","29,370","33,955","42,890","35,915","43,865","195,060","8,610","24,045","17,505","14,200","8,890","8,160","81,400","56,095","50,970","21,000","2,165","55,960","8,860","195,060","55,960","67,515","29,835","27,645","14,100","195,060","150,355","1,845","42,855","3,325","195,060","48,115","146,945","195,060","55,170","139,890","195,060","72,835","122,225","195,060","4,745","190,315","195,060","31,680","81,310","46,625","22,815","11,135","193,565","76,825","51,815","128,640","25,900","38,330","35,630","27,215","21,305","46,670","195,060","23,630","171,425","195,060","185,645","9,415","195,060","273,973","171,842","193,863","250,091","177,892","162,822","127,792","256,882","137,970","45,405","11,680","195,060"
2011,1040/3/Moncton,"2,790","9,720","10,855","11,815","10,585","12,540","58,315","2,665","7,745","5,185","3,965","2,675","2,900","25,145","15,595","17,735","5,525",695,"15,410","3,355","58,315","15,410","22,860","9,510","7,840","2,695","58,315","55,580",205,"2,525",680,"58,315","13,675","44,640","58,315","15,945","42,370","58,315","20,540","37,780","58,315","1,420","56,890","58,315","11,765","25,620","14,615","4,490","1,725","58,215","26,970","14,140","41,115","7,435","12,110","10,960","9,165","6,775","11,875","58,315","2,825","55,490","58,315","56,785","1,530","58,315","183,353","160,505","143,932","169,078","186,411",0,"71,909","172,526","39,460","15,040","3,815","58,315"
2011,1060/3/Montréal,"61,185","260,640","306,250","355,935","287,330","341,955","1,613,290","55,915","210,205","161,295","114,095","67,295","60,380","669,190","449,230","375,730","177,875","15,765","523,450","71,245","1,613,290","523,450","517,610","247,305","218,460","106,470","1,613,290","1,178,775","25,870","408,650","67,170","1,613,290","379,370","1,233,925","1,613,290","447,550","1,165,740","1,613,290","392,080","1,221,210","1,613,290","16,840","1,596,455","1,613,290","303,350","739,620","336,135","152,100","80,850","1,612,055","551,505","334,450","885,955","269,200","331,760","297,870","220,155","159,845","334,450","1,613,290","212,880","1,400,410","1,613,290","1,503,210","110,075","1,613,290","321,452","311,196","311,885","361,574","305,748","344,206","228,076","320,696","1,086,345","413,120","113,830","1,613,290"
2011,1160/3/St.%20Catharines%20-%20Niagara,"4,230","17,485","24,995","34,770","32,625","46,345","160,455","3,850","13,450","11,065","9,990","7,465","7,305","53,125","44,715","45,450","18,420","2,210","44,435","5,220","160,455","44,440","58,035","24,885","21,590","11,500","160,455","125,990",810,"33,655","1,425","160,455","50,535","109,915","160,455","41,945","118,510","160,455","67,475","92,975","160,455","5,030","155,425","160,455","30,165","65,665","37,825","17,785","8,200","159,640","65,135","53,645","118,785","18,500","33,575","32,320","24,090","17,075","34,895","160,455","8,980","151,475","160,455","153,540","6,910","160,455","259,318","187,810","234,116","200,577","216,157","173,368","188,147","250,815","110,180","39,225","11,050","160,455"
2011,1250/3/Oshawa,"2,695","16,615","26,615","34,450","23,205","26,120","129,695","2,340","12,950","12,175","9,440","5,040","4,955","46,900","47,895","31,475","16,215","3,405","26,460","4,255","129,695","26,455","40,975","23,875","25,565","12,825","129,695","101,435",285,"27,975",955,"129,695","30,045","99,650","129,695","46,710","82,990","129,695","49,090","80,605","129,695","3,375","126,320","129,695","11,845","40,935","28,525","28,500","19,585","129,395","69,830","33,105","102,935","11,180","17,665","20,935","17,715","16,170","46,035","129,695","8,415","121,280","129,695","123,430","6,270","129,695","330,003","206,974","222,155","273,266","207,218","221,121","123,878","307,338","91,080","31,880","6,740","129,695"
2011,1265/3/Ottawa,"15,470","56,830","70,115","86,415","67,115","71,225","367,170","14,645","48,145","37,390","28,375","15,755","11,045","155,365","112,295","91,880","36,525","5,070","102,180","19,205","367,170","102,180","121,265","58,230","55,670","29,820","367,170","268,795","3,755","94,625","9,110","367,170","80,540","286,630","367,170","107,450","259,715","367,170","122,910","244,260","367,170","11,210","355,960","367,170","37,410","127,525","85,720","67,160","48,330","366,145","150,655","97,615","248,270","35,675","45,185","53,170","49,475","43,660","140,005","367,170","52,990","314,180","367,170","346,170","21,000","367,170","434,616","329,637","280,883","384,267","315,565","302,892","189,788","383,284","250,740","93,980","22,450","367,170"
2011,1400/3/Québec,"15,440","57,065","53,910","72,330","68,675","78,465","345,885","14,580","45,940","25,375","20,620","14,340","14,110","134,970","83,740","97,550","29,455","1,220","119,580","14,350","345,885","119,575","124,965","47,180","39,700","14,465","345,885","330,535","1,200","14,160","3,370","345,885","83,995","261,885","345,885","81,235","264,650","345,885","73,920","271,965","345,885","4,290","341,600","345,885","88,450","152,150","73,255","23,070","8,500","345,420","124,720","81,310","206,030","47,490","70,025","65,660","51,715","39,310","71,685","345,885","41,550","304,335","345,885","336,110","9,780","345,885","266,450","212,082","221,593","237,552","214,337","298,190","156,009","251,928","243,850","83,115","18,920","345,885"
2011,1490/3/Regina,"4,055","15,405","14,750","18,635","15,625","17,460","85,930","3,775","12,495","7,560","5,495","3,350","3,575","36,240","23,565","22,670","9,470","1,160","24,635","4,425","85,930","24,635","29,570","13,175","12,255","6,290","85,930","76,310",755,"8,870","2,140","85,930","18,805","67,125","85,930","24,340","61,590","85,930","29,030","56,900","85,930","8,355","77,580","85,930","15,970","31,015","21,505","11,000","5,955","85,445","35,435","25,240","60,675","9,045","13,450","13,505","12,010","9,625","28,300","85,930","9,415","76,520","85,930","81,730","4,200","85,930","338,783","251,843","283,620","256,278","258,507","231,183","131,670","328,149","53,470","24,635","7,825","85,930"
2011,1600/3/Saint%20John,"1,795","7,055","9,045","12,180","10,470","11,585","52,135","1,715","5,385","4,400","3,145","2,485","1,955","19,080","14,790","14,650","6,265",750,"13,505","2,170","52,135","13,505","19,270","8,610","7,570","3,165","52,135","49,130",335,"2,670",375,"52,135","12,800","39,330","52,135","15,405","36,725","52,135","19,945","32,190","52,135","1,400","50,730","52,135","12,935","23,005","9,925","4,405","1,810","52,080","21,325","15,620","36,935","7,385","10,220","9,250","7,155","5,710","12,410","52,135","1,695","50,440","52,135","50,380","1,750","52,135","203,676","176,868","166,421","165,585","195,054","144,978","77,109","193,331","31,740","15,630","4,765","52,135"
2011,1640/3/St.%20John's,"3,760","12,605","15,375","17,745","15,010","14,515","79,020","3,515","9,900","7,340","4,450","3,170","2,265","30,650","24,555","20,815","9,175","1,245","18,845","4,385","79,020","18,845","28,100","15,230","12,470","4,375","79,020","75,750",500,"2,775",515,"79,020","16,710","62,310","79,020","22,990","56,030","79,020","24,385","54,635","79,020","2,445","76,575","79,020","15,170","30,065","18,855","10,900","3,975","78,965","35,365","20,120","55,485","9,990","13,175","12,100","11,265","8,830","23,660","79,020","2,670","76,350","79,020","76,340","2,685","79,020","296,920","229,339","201,393","284,479","261,076","259,220","169,187","285,415","58,070","16,240","4,715","79,020"
2011,1700/3/Saskatoon,"7,000","20,000","18,240","21,955","17,185","19,900","104,285","6,685","16,320","9,705","6,910","3,740","4,540","47,890","29,770","27,170","9,905","1,520","28,685","7,240","104,285","28,685","36,010","16,135","14,720","8,740","104,285","91,645","1,375","11,260","3,200","104,285","21,170","83,115","104,285","30,430","73,855","104,285","34,380","69,905","104,285","10,550","93,740","104,285","16,945","35,770","27,210","15,410","8,150","103,485","44,150","27,315","71,470","11,810","16,825","17,025","15,115","12,190","31,330","104,285","16,290","87,995","104,285","98,775","5,515","104,285","365,171","330,944","267,811","304,882","245,631","302,038","133,953","345,583","71,625","26,285","6,370","104,285"
2011,1800/3/Sherbrooke,"5,875","14,315","14,055","18,320","17,825","20,695","91,090","5,615","11,945","7,105","6,255","4,810","5,160","40,890","20,540","25,435","8,515",405,"32,305","3,885","91,090","32,305","32,750","11,580","9,750","4,700","91,090","85,515",515,"5,070","1,370","91,090","22,160","68,925","91,090","21,905","69,185","91,090","22,955","68,140","91,090","1,180","89,910","91,090","26,875","41,365","16,595","4,185","1,775","90,790","31,005","18,730","49,740","17,465","21,790","17,435","12,670","8,505","13,230","91,090","6,135","84,955","91,090","88,265","2,825","91,090","232,932","175,111","173,708","198,339","196,226","244,906","112,822","222,563","65,940","20,425","4,725","91,090"
2011,2000/3/Greater%20Sudbury%20%2F%20Grand%20Sudbury,"2,710","9,325","11,300","15,220","12,950","16,260","67,770","2,510","7,290","5,145","4,160","2,330","2,045","23,480","18,930","19,270","7,200",765,"19,190","2,420","67,770","19,185","24,740","10,850","9,230","3,750","67,770","61,890",210,"5,670",195,"67,770","17,585","50,185","67,770","18,370","49,400","67,770","28,990","38,780","67,770","7,380","60,380","67,770","12,935","27,665","14,995","7,700","4,350","67,645","26,405","19,555","45,960","8,690","11,660","12,040","9,855","7,980","17,540","67,770",940,"66,830","67,770","65,425","2,345","67,770","257,591","203,931","188,061","216,053","237,418","299,911","97,161","250,281","43,695","18,915","5,160","67,770"
2011,2270/3/Toronto,"47,145","276,760","421,265","487,830","360,650","396,040","1,989,695","40,500","227,950","228,835","162,190","81,600","60,300","801,375","727,480","399,220","229,675","82,855","469,760","80,710","1,989,695","469,760","548,335","352,350","365,105","254,140","1,989,695","860,695","29,480","1,099,515","103,160","1,989,695","492,040","1,497,650","1,989,695","682,410","1,307,285","1,989,695","656,525","1,333,165","1,989,695","21,590","1,968,105","1,989,695","181,350","600,905","452,285","374,755","378,970","1,988,260","843,795","513,525","1,357,325","229,855","309,870","312,750","263,310","219,140","654,775","1,989,695","371,750","1,617,940","1,989,695","1,766,035","223,660","1,989,695","578,649","422,555","366,694","484,865","437,826","320,295","478,576","495,378","1,423,040","448,240","118,420","1,989,695"
2011,2320/3/Trois-Rivières,"3,465","9,885","9,645","14,940","14,400","17,805","70,135","3,265","7,895","4,645","4,810","3,325","3,050","26,995","14,920","19,780","6,920",235,"25,655","2,625","70,135","25,655","25,580","8,880","7,455","2,565","70,135","68,220",220,"1,695",485,"70,135","18,955","51,180","70,135","15,275","54,860","70,135","17,135","53,000","70,135","1,100","69,040","70,135","27,385","29,285","9,990","2,365",870,"69,900","22,195","18,300","40,495","14,315","16,625","13,430","9,580","5,980","10,205","70,135","4,395","65,740","70,135","68,450","1,685","70,135","169,204","147,655","132,007","161,859","148,518","308,176","123,370","164,515","49,600","15,890","4,645","70,135"
2011,2410/3/Vancouver,"28,795","130,165","175,255","209,620","168,710","178,755","891,310","26,145","107,940","102,235","79,655","44,455","31,375","391,805","274,205","202,915","84,635","34,455","250,630","44,475","891,310","250,630","272,345","142,205","136,130","90,000","891,310","483,550","19,550","388,210","44,480","891,310","216,385","674,925","891,310","259,010","632,295","891,310","303,490","587,820","891,310","27,920","863,390","891,310","153,680","261,720","180,415","131,040","162,495","889,350","343,035","238,880","581,915","131,480","148,295","142,875","120,390","94,970","253,300","891,310","279,530","611,775","891,310","808,040","83,270","891,310","871,336","650,567","453,634","789,140","407,787","507,198","207,105","690,775","641,260","191,320","58,730","891,310"
2011,2440/3/Victoria,"6,945","21,855","23,190","30,670","31,515","39,230","153,395","6,615","18,580","13,725","11,630","9,055","7,935","67,545","33,155","44,610","13,315","2,170","51,165","8,980","153,395","51,165","57,045","20,890","16,740","7,555","153,395","120,505","1,220","31,670","1,830","153,395","43,165","110,225","153,395","33,710","119,680","153,395","60,655","92,735","153,395","7,555","145,840","153,395","32,800","48,915","28,815","19,875","22,365","152,770","55,285","44,170","99,450","20,540","27,305","27,055","22,280","17,365","38,850","153,395","28,325","125,065","153,395","145,900","7,495","153,395","659,308","506,725","444,363","628,956","361,436","464,880","181,832","578,869","110,540","33,685","9,170","153,395"
2011,2640/3/Windsor,"3,945","15,305","23,885","29,140","24,275","30,325","126,870","3,605","10,995","9,545","7,785","5,330","4,415","41,675","38,850","30,810","15,835","1,970","35,490","3,915","126,870","35,490","41,105","20,005","19,125","11,145","126,870","93,000","1,105","32,765","2,395","126,870","33,560","93,310","126,870","37,795","89,080","126,870","47,375","79,500","126,870","3,665","123,200","126,870","27,485","53,450","27,765","12,140","5,610","126,450","51,225","41,055","92,280","18,570","24,515","22,410","16,895","14,030","30,450","126,870","9,075","117,795","126,870","120,385","6,490","126,870","205,487","165,974","165,127","138,069","133,129","141,349","219,758","199,090","89,945","28,720","8,215","126,870"
2011,2680/3/Winnipeg,"10,645","44,565","52,180","65,380","55,265","63,305","291,340","9,965","35,670","26,250","20,200","11,410","11,735","115,235","84,770","70,365","31,750","5,385","86,490","12,580","291,340","86,495","93,410","44,170","42,150","25,125","291,340","225,890","2,490","62,960","11,765","291,340","69,865","221,480","291,340","84,115","207,225","291,340","107,660","183,685","291,340","36,835","254,505","291,340","72,720","115,135","64,495","25,580","12,730","290,660","119,145","79,410","198,555","38,180","54,810","52,655","42,605","32,275","70,820","291,340","21,370","269,970","291,340","269,870","21,475","291,340","276,283","194,007","196,515","227,681","196,304","227,691","162,417","266,127","182,390","82,210","26,735","291,340"
2011,3300/3/Charlottetown,"1,200","3,565","4,410","5,760","5,380","5,890","26,205","1,190","2,850","2,215","2,065","1,225","1,290","10,830","7,770","7,120","2,685",340,"6,970","1,325","26,205","6,975","9,480","4,290","3,685","1,780","26,205","23,855",165,"2,185",740,"26,205","6,465","19,740","26,205","7,575","18,635","26,205","8,915","17,295","26,205",475,"25,730","26,205","4,815","11,585","6,980","1,990",625,"25,995","10,215","6,790","17,010","3,580","4,925","4,825","3,885","3,195","5,795","26,205",690,"25,520","26,205","25,185","1,020","26,205","206,492","175,007","179,359","253,790","275,976","140,825","78,534","200,762","17,595","7,015","1,595","26,205"
2016,0140/3/Calgary,"14,370","98,930","114,165","111,530","95,640","85,060","519,695","13,680","80,640","64,305","39,105","22,610","14,575","234,915","175,325","131,120","45,730","14,220","122,340","30,960","519,695","122,335","168,985","87,730","86,055","54,590","519,695","344,230","7,890","167,570","25,185","519,695","102,640","417,055","519,695","169,580","350,115","519,695","248,585","271,105","519,695","21,405","498,290","519,695","46,990","107,840","106,190","112,475","145,210","518,710","255,550","122,805","378,355","27,750","52,445","59,705","61,830","58,820","259,145","519,695","113,055","406,635","519,695","496,040","23,655","519,695","586,694","471,026","344,178","496,059","300,909","419,138","139,866","527,238","384,305","113,725","21,665","519,695"
2016,0340/3/Edmonton,"19,675","97,235","100,380","99,730","92,600","92,520","502,140","18,495","77,470","56,135","35,890","21,825","14,970","224,790","157,505","129,380","49,380","11,960","123,645","30,275","502,140","123,650","168,720","82,530","77,135","50,115","502,140","360,950","8,935","132,260","22,820","502,140","106,950","395,195","502,140","155,470","346,675","502,140","259,995","242,145","502,140","36,550","465,595","502,140","38,925","125,210","108,785","105,300","120,670","498,890","225,915","121,345","347,260","27,880","56,525","61,775","62,590","57,600","235,780","502,140","99,585","402,550","502,140","475,230","26,915","502,140","485,135","367,684","280,075","408,339","256,949","343,506","166,952","437,455","352,855","122,140","27,145","502,140"
2016,0370/3/Fredericton,"2,255","6,690","7,345","8,290","7,920","10,265","42,775","2,170","5,265","3,355","2,470","1,620","1,605","16,490","11,610","13,090","4,035",465,"11,465","2,095","42,775","11,465","16,490","6,800","5,570","2,450","42,775","38,830",400,"3,545",720,"42,775","11,250","31,520","42,775","11,475","31,295","42,775","25,425","17,345","42,775","2,225","40,550","42,775","8,525","15,715","11,025","4,870","2,065","42,205","18,485","11,760","30,245","4,255","7,495","7,365","6,385","5,070","12,205","42,775","1,805","40,965","42,775","41,625","1,145","42,775","234,790","209,728","217,923","244,460","193,383","345,199","80,682","217,886","27,220","12,675","2,880","42,775"
2016,0460/3/Guelph,"2,470","8,940","10,695","12,360","11,315","13,495","59,280","2,330","7,330","5,305","3,825","2,610","2,315","23,720","18,735","15,535","5,860","1,145","15,165","2,835","59,280","15,170","19,785","9,660","9,500","5,170","59,280","44,485",540,"14,260","1,035","59,280","15,495","43,785","59,280","17,450","41,830","59,280","32,195","27,085","59,280","1,245","58,035","59,280","4,765","18,405","13,725","11,380","10,740","59,020","25,970","15,390","41,360","4,455","7,935","8,830","7,915","7,140","23,005","59,280","8,115","51,165","59,280","57,060","2,220","59,280","508,323","354,167","327,132","471,877","287,618","258,139","184,661","463,729","42,190","14,125","2,960","59,280"
2016,0580/3/Halifax,"9,080","27,935","28,935","34,535","33,710","39,260","173,460","8,800","23,035","14,135","9,890","7,395","6,385","69,640","43,000","48,795","17,165","2,305","51,215","10,975","173,460","51,215","64,425","27,235","21,020","9,565","173,460","153,180","3,220","17,060","2,835","173,460","43,405","130,055","173,460","42,940","130,520","173,460","102,375","71,085","173,460","9,035","164,425","173,460","20,000","60,370","47,760","28,755","16,475","173,365","66,735","37,455","104,195","18,130","28,240","28,410","24,625","20,750","53,305","173,460","10,415","163,045","173,460","167,475","5,985","173,460","326,325","223,800","271,724","350,848","302,584","325,736","96,717","307,526","110,895","51,095","11,470","173,460"
2016,0610/3/Hamilton,"5,955","36,630","48,810","62,090","59,380","80,480","293,345","5,570","29,280","24,070","18,240","13,420","12,925","103,505","90,615","74,210","33,820","5,965","79,445","9,290","293,345","79,445","96,080","46,920","45,170","25,735","293,345","203,840","2,390","87,115","4,750","293,345","89,820","203,525","293,345","82,455","210,895","293,345","164,450","128,900","293,345","7,920","285,425","293,345","26,805","102,995","62,850","51,265","48,685","292,600","124,800","80,980","205,785","24,575","46,215","45,200","38,895","33,130","105,330","293,345","38,235","255,110","293,345","280,115","13,230","293,345","524,226","391,834","382,404","439,603","326,584","313,179","326,217","485,415","202,820","72,155","18,365","293,345"
2016,0670/3/Kelowna,"2,955","10,450","11,745","14,875","17,185","24,165","81,385","2,760","8,380","6,495","5,980","5,845","5,890","35,360","19,010","27,555","7,165","1,490","21,685","4,475","81,385","21,685","33,365","11,200","9,840","5,295","81,385","67,525",555,"13,305",895,"81,385","26,720","54,660","81,385","18,880","62,500","81,385","46,430","34,955","81,385","5,735","75,645","81,385","17,090","18,925","16,880","13,230","14,480","80,600","34,480","24,460","58,940","6,545","13,910","13,505","11,790","9,535","26,095","81,385","17,330","64,055","81,385","79,085","2,295","81,385","610,992","498,855","360,145","568,091","280,974","427,931","139,033","517,837","60,390","17,345","3,650","81,385"
2016,0850/3/Kitchener%20-%20Cambridge%20-%20Waterloo,"7,505","31,545","36,570","43,280","37,845","43,765","200,495","7,080","25,535","17,585","13,165","8,130","7,570","79,065","64,770","52,000","21,280","4,365","49,360","8,710","200,495","49,365","66,650","33,170","32,620","18,695","200,495","142,585","3,280","54,630","3,845","200,495","50,185","150,310","200,495","60,965","139,530","200,495","106,425","94,070","200,495","4,850","195,645","200,495","19,795","63,755","48,765","40,495","27,080","199,880","86,645","48,920","135,565","15,370","29,345","31,280","28,120","24,495","71,885","200,495","21,785","178,710","200,495","191,555","8,940","200,495","427,129","287,695","285,802","376,729","265,137","249,243","217,954","393,896","142,255","48,165","10,070","200,495"
2016,0950/3/London,"9,220","30,875","33,110","40,765","40,090","52,385","206,450","8,835","24,800","16,595","13,450","10,085","10,305","84,065","55,585","53,895","22,575","2,470","62,210","9,710","206,450","62,210","71,790","30,625","27,020","14,800","206,450","156,510","3,190","46,750","3,470","206,450","57,210","149,240","206,450","53,695","152,750","206,450","117,185","89,260","206,450","6,690","199,760","206,450","24,875","81,490","53,740","27,915","17,025","205,045","80,725","50,130","130,855","22,915","37,060","35,905","28,760","23,400","58,410","206,450","25,390","181,060","206,450","198,215","8,240","206,450","323,956","191,469","209,360","261,791","221,513","208,503","140,594","301,631","145,375","48,960","12,115","206,450"
2016,1040/3/Moncton,"2,600","9,415","11,210","11,855","11,415","15,285","61,775","2,455","7,095","4,860","3,555","2,730","3,165","23,865","15,630","18,710","6,215",665,"17,415","3,135","61,775","17,415","24,100","9,515","7,635","3,115","61,775","57,940",415,"3,410",825,"61,775","16,740","45,030","61,775","15,850","45,920","61,775","35,510","26,260","61,775","2,075","59,690","61,775","9,820","26,250","16,790","6,050","2,740","61,655","27,890","14,595","42,490","6,040","11,975","11,340","9,480","7,270","15,675","61,775","3,340","58,430","61,775","60,380","1,395","61,775","203,261","177,683","163,567","192,006","183,238",0,"72,932","191,255","41,745","16,555","3,470","61,775"
2016,1060/3/Montréal,"57,630","261,415","325,280","351,120","329,975","401,890","1,727,310","54,170","208,750","167,355","109,065","72,665","64,365","676,370","474,005","399,825","191,340","18,070","570,110","73,960","1,727,310","570,105","551,430","257,235","231,175","117,365","1,727,310","1,236,560","31,250","459,510","63,045","1,727,310","448,675","1,278,635","1,727,310","462,400","1,264,905","1,727,310","753,170","974,140","1,727,310","22,505","1,704,805","1,727,310","227,335","746,945","396,160","214,045","141,635","1,726,125","622,070","338,570","960,640","199,915","323,250","315,840","245,795","184,885","457,625","1,727,310","276,450","1,450,860","1,727,310","1,629,720","97,590","1,727,310","371,531","359,631","363,073","416,753","338,033","386,563","264,541","366,974","1,147,800","467,920","111,590","1,727,310"
2016,1160/3/St.%20Catharines%20-%20Niagara,"4,330","18,395","23,665","32,775","35,670","53,645","168,485","4,080","13,875","11,130","10,245","9,170","9,640","58,145","43,060","48,790","19,610","2,720","48,240","6,070","168,485","48,235","62,175","25,285","21,230","11,565","168,485","131,345","1,420","35,720","1,390","168,485","58,690","109,795","168,485","40,360","128,125","168,485","97,800","70,680","168,485","6,495","161,985","168,485","22,290","67,425","42,550","21,980","13,270","167,510","69,350","52,485","121,830","16,390","32,640","31,100","24,750","19,330","44,270","168,485","10,200","158,290","168,485","163,305","5,180","168,485","321,530","226,845","289,857","262,075","239,654","202,702","197,007","309,957","116,570","41,035","10,880","168,485"
2016,1250/3/Oshawa,"2,000","17,195","26,225","32,925","27,920","32,690","138,960","1,860","12,925","12,180","9,375","6,280","6,475","49,090","49,610","33,725","18,000","3,860","29,650","4,125","138,960","29,650","43,795","25,060","25,885","14,575","138,960","105,565",460,"32,940","1,035","138,960","37,885","101,075","138,960","46,680","92,285","138,960","77,315","61,645","138,960","4,810","134,160","138,960","8,505","38,445","30,130","30,060","31,495","138,625","74,115","33,655","107,775","8,375","17,395","19,940","18,550","17,335","57,370","138,960","8,520","130,440","138,960","133,790","5,175","138,960","494,537","313,075","343,240","416,442","294,649","285,143","210,497","461,757","96,465","35,245","7,255","138,960"
2016,1265/3/Ottawa,"15,460","58,575","69,605","86,425","76,580","88,755","395,400","14,820","48,125","35,690","26,585","16,510","13,695","155,420","117,440","102,385","39,880","6,215","109,780","19,695","395,400","109,780","132,755","61,660","58,910","32,285","395,400","286,960","5,555","102,880","8,345","395,400","101,015","294,380","395,400","111,210","284,190","395,400","219,360","176,035","395,400","14,845","380,550","395,400","28,190","117,890","95,430","80,180","72,560","394,250","160,590","101,975","262,565","32,480","46,425","51,810","50,770","47,395","166,510","395,400","58,980","336,420","395,400","377,565","17,835","395,400","496,105","396,551","315,446","486,183","353,882","332,800","160,165","437,539","268,830","105,390","21,175","395,400"
2016,1400/3/Québec,"14,180","55,590","60,705","64,765","73,585","93,070","361,890","13,480","43,840","28,030","18,825","14,910","15,035","134,120","85,050","102,775","31,080","1,470","127,515","14,000","361,890","127,520","130,665","46,490","41,020","16,195","361,890","340,070","2,180","19,640","4,460","361,890","100,115","261,780","361,890","82,550","279,340","361,890","144,130","217,760","361,890","7,445","354,445","361,890","65,090","153,965","84,500","39,860","17,860","361,270","136,840","80,575","217,415","32,995","65,205","67,090","54,010","42,450","100,145","361,890","52,670","309,215","361,890","355,145","6,750","361,890","320,486","253,453","255,690","290,835","242,185","353,081","194,429","300,064","257,380","86,725","17,790","361,890"
2016,1490/3/Regina,"3,900","17,670","17,855","17,650","17,695","20,190","94,955","3,705","14,160","9,255","5,810","3,540","3,460","39,935","26,950","24,690","9,985","1,560","27,010","4,760","94,955","27,010","32,060","14,675","13,405","7,805","94,955","79,445","1,445","14,065","4,625","94,955","21,845","73,110","94,955","27,830","67,125","94,955","51,340","43,615","94,955","9,490","85,460","94,955","9,275","29,275","23,440","17,715","14,750","94,450","41,225","24,680","65,905","5,995","12,780","13,550","12,565","10,830","39,240","94,955","12,730","82,225","94,955","90,225","4,735","94,955","390,728","292,828","333,768","304,486","292,172","268,207","190,013","376,493","63,560","24,615","6,775","94,955"
2016,1600/3/Saint%20John,"1,730","6,890","8,650","10,810","11,110","13,675","52,875","1,625","5,270","3,615","2,765","2,125","2,075","17,480","13,920","15,465","6,030",745,"14,845","1,870","52,875","14,845","19,810","8,390","6,650","3,185","52,875","49,485",305,"3,080",575,"52,875","15,165","37,705","52,875","14,155","38,715","52,875","31,750","21,125","52,875","1,400","51,470","52,875","10,420","22,805","11,655","5,470","2,440","52,790","22,345","14,755","37,095","5,885","10,110","8,875","7,260","5,790","14,950","52,875","1,760","51,115","52,875","51,670","1,205","52,875","216,423","170,937","179,743","179,467","211,518","147,077","67,347","204,722","32,270","16,365","4,230","52,875"
2016,1640/3/St.%20John's,"3,235","14,055","15,660","17,465","16,070","18,530","85,015","3,080","11,175","7,400","4,710","2,945","2,245","31,555","24,760","23,385","9,370","1,155","21,770","4,575","85,015","21,770","30,920","15,390","12,570","4,365","85,015","80,330","1,000","3,690",770,"85,015","20,660","64,355","85,015","23,300","61,720","85,015","44,720","40,290","85,015","3,645","81,365","85,015","9,935","27,900","19,315","15,620","12,165","84,940","39,025","20,435","59,455","7,305","13,255","11,430","10,685","9,365","32,980","85,015","3,195","81,820","85,015","83,485","1,530","85,015","364,693","259,748","226,344","345,203","313,844","348,473","233,455","348,519","64,115","17,300","3,595","85,015"
2016,1700/3/Saskatoon,"5,810","22,605","21,620","21,335","20,930","22,980","115,280","5,480","18,075","11,615","7,550","4,840","4,600","52,160","33,915","30,410","11,175","1,920","30,925","6,935","115,280","30,925","39,340","17,835","16,515","10,665","115,280","96,910","1,460","16,915","4,975","115,280","24,960","90,320","115,280","34,710","80,575","115,280","61,870","53,410","115,280","13,845","101,440","115,280","11,470","33,280","27,035","23,170","19,510","114,460","52,445","27,730","80,180","7,965","15,980","16,440","15,000","13,435","46,455","115,280","20,235","95,050","115,280","109,950","5,335","115,280","419,381","371,651","300,939","371,757","269,237","325,599","144,527","392,273","80,935","28,925","5,420","115,280"
2016,1800/3/Sherbrooke,"5,470","14,245","15,120","17,210","18,870","24,665","95,580","5,265","11,230","7,850","5,680","4,995","5,195","40,210","20,880","26,875","8,925",385,"34,500","4,015","95,580","34,500","34,480","11,310","10,255","5,035","95,580","88,260",905,"6,415","1,210","95,580","26,580","68,995","95,580","22,285","73,290","95,580","42,605","52,970","95,580","1,595","93,985","95,580","21,830","44,260","19,400","6,685","3,090","95,270","33,665","19,830","53,490","13,090","21,355","18,345","13,700","9,620","19,460","95,580","8,420","87,160","95,580","93,550","2,025","95,580","268,525","199,540","189,744","230,809","227,747","279,603","147,165","254,823","68,415","22,340","4,815","95,580"
2016,2000/3/Greater%20Sudbury%20%2F%20Grand%20Sudbury,"2,570","9,885","11,070","14,210","13,845","18,860","70,445","2,420","7,580","4,705","3,890","2,665","2,580","23,835","18,090","20,270","7,765",875,"20,755","2,695","70,445","20,755","26,130","10,615","9,140","3,805","70,445","64,910",300,"5,235",310,"70,445","20,465","49,985","70,445","17,540","52,905","70,445","43,165","27,285","70,445","8,610","61,835","70,445","9,675","26,035","17,550","10,010","7,005","70,275","27,060","19,375","46,435","6,980","11,405","11,140","9,240","7,835","23,840","70,445","1,100","69,345","70,445","68,790","1,655","70,445","306,285","226,524","224,223","252,705","284,602","338,262","181,805","297,561","44,380","20,730","5,335","70,445"
2016,2270/3/Toronto,"48,550","296,120","406,810","497,290","414,990","472,145","2,135,910","44,935","243,150","217,140","159,385","88,875","70,540","824,025","748,270","435,255","245,925","94,240","519,930","92,295","2,135,910","519,930","598,720","373,885","377,120","266,255","2,135,910","888,665","45,220","1,202,025","97,605","2,135,910","590,910","1,544,995","2,135,910","679,230","1,456,685","2,135,910","1,028,530","1,107,380","2,135,910","26,010","2,109,895","2,135,910","138,605","518,035","481,000","401,375","595,210","2,134,225","896,520","522,270","1,418,790","205,390","303,990","305,830","273,140","235,660","811,900","2,135,910","445,650","1,690,260","2,135,910","1,930,485","205,420","2,135,910","884,379","625,953","536,750","769,997","627,584","410,673","664,400","734,893","1,530,110","489,580","116,215","2,135,910"
2016,2320/3/Trois-Rivières,"3,400","9,945","10,370","12,620","15,720","20,450","72,505","3,190","7,630","4,910","3,825","3,705","3,750","27,020","14,450","20,785","7,175",250,"27,265","2,585","72,505","27,260","26,755","8,670","6,900","2,910","72,505","70,060",330,"2,110",470,"72,505","21,820","50,680","72,505","14,970","57,535","72,505","29,990","42,515","72,505","1,505","70,995","72,505","20,930","33,295","12,635","3,840","1,515","72,225","24,970","17,105","42,080","10,785","16,515","14,195","9,830","6,765","14,420","72,505","5,830","66,675","72,505","71,415","1,085","72,505","197,314","158,641","151,087","164,534","180,180",0,"150,700","189,084","51,270","17,000","4,230","72,505"
2016,2410/3/Vancouver,"30,220","142,600","171,450","209,675","188,785","218,165","960,895","28,300","118,105","99,175","80,230","52,205","42,955","420,965","283,245","226,330","91,010","37,740","275,485","47,090","960,895","275,485","300,135","153,020","139,155","93,100","960,895","494,585","28,820","437,485","43,130","960,895","265,510","695,385","960,895","260,595","700,300","960,895","484,990","475,905","960,895","33,285","927,615","960,895","119,965","257,470","202,800","151,540","227,165","958,945","367,480","242,910","610,390","110,775","144,450","142,570","126,425","103,820","332,855","960,895","293,765","667,130","960,895","890,530","70,360","960,895","1,367,462","929,540","558,844","1,307,246","496,672","619,748","280,193","1,004,248","708,425","197,805","54,665","960,895"
2016,2440/3/Victoria,"6,965","22,560","23,675","29,335","33,025","47,175","162,735","6,525","18,665","13,430","10,955","9,910","10,040","69,520","34,790","48,050","13,775","2,480","54,225","9,415","162,735","54,225","60,845","21,800","17,285","8,585","162,735","126,170","2,320","34,245","2,370","162,735","52,090","110,645","162,735","34,470","128,270","162,735","95,285","67,450","162,735","9,155","153,580","162,735","24,220","51,240","34,135","22,645","29,790","162,035","57,615","43,710","101,325","16,485","26,375","26,690","22,665","18,640","51,880","162,735","29,950","132,785","162,735","156,960","5,775","162,735","728,105","547,704","448,170","692,157","363,664","497,857","189,313","629,493","116,945","37,075","8,720","162,735"
2016,2640/3/Windsor,"3,890","15,800","22,090","28,655","27,215","35,270","132,920","3,645","12,250","10,305","8,450","5,995","5,610","46,260","38,485","32,630","16,130","2,225","39,045","4,395","132,920","39,050","43,360","20,230","18,810","11,475","132,920","96,355","1,530","35,035","2,770","132,920","39,150","93,770","132,920","36,515","96,405","132,920","72,085","60,830","132,920","4,835","128,080","132,920","21,830","56,210","31,140","14,595","8,645","132,415","56,390","38,360","94,750","14,890","22,780","22,920","17,910","14,765","39,655","132,920","8,900","124,020","132,920","127,335","5,585","132,920","254,965","198,420","200,309","193,717","194,106","174,420","106,195","246,465","92,915","31,160","8,840","132,920"
2016,2680/3/Winnipeg,"9,880","47,530","55,155","61,490","60,055","72,450","306,550","9,385","38,030","28,605","19,590","12,060","11,425","119,090","89,585","75,600","32,750","6,400","88,370","13,845","306,550","88,375","99,690","46,900","43,340","28,250","306,550","227,015","4,715","74,820","14,110","306,550","80,325","226,225","306,550","86,460","220,090","306,550","172,275","134,275","306,550","42,870","263,680","306,550","53,870","101,065","81,385","43,305","26,085","305,710","129,250","76,335","205,585","28,055","49,120","50,895","44,810","37,270","96,400","306,550","25,350","281,200","306,550","285,040","21,510","306,550","342,533","256,963","251,224","269,860","233,637","256,264","165,613","328,679","199,725","83,385","23,440","306,550"
2016,3300/3/Charlottetown,"1,240","4,140","4,695","5,600","5,800","7,480","28,950","1,200","3,320","2,365","1,830","1,420","1,540","11,685","7,845","8,140","2,995",285,"8,250","1,430","28,950","8,255","10,620","4,480","3,750","1,845","28,950","25,960",385,"2,600",970,"28,950","8,110","20,840","28,950","7,770","21,180","28,950","16,880","12,070","28,950",700,"28,250","28,950","4,140","12,680","7,540","2,975","1,320","28,655","10,860","7,025","17,885","3,310","5,350","5,025","4,350","3,285","7,625","28,950",975,"27,970","28,950","28,135",810,"28,950","237,870","244,096","234,098","294,896","320,330",0,"84,236","232,810","18,725","8,510","1,710","28,950"
2021,0140/3/Calgary,"14,635","91,415","125,620","113,420","105,335","113,015","563,440","13,875","74,070","66,225","37,565","24,885","21,155","237,775","184,615","139,790","51,805","14,790","143,215","29,220","563,440","143,215","180,700","90,155","91,625","57,740","563,440","359,705","9,150","194,590","24,995","563,440","135,005","428,430","563,440","179,365","384,075","563,440","301,215","262,225","563,440","26,145","537,290","563,440","29,265","126,075","113,065","109,240","185,130","562,780","262,200","134,560","396,760","19,545","58,840","67,330","69,755","65,280","282,700","563,440","134,255","429,185","563,440","536,095","27,345","563,440","593,000","467,600","328,800","508,400","284,800","392,400","144,800","528,500","415,620","123,165","24,655","563,440"
2021,0340/3/Edmonton,"18,600","93,100","116,580","99,955","101,295","119,090","548,625","17,820","73,380","60,340","34,590","24,475","21,360","231,970","167,145","136,200","56,710","11,950","146,705","29,915","548,625","146,705","179,220","85,520","82,720","54,455","548,625","384,145","8,755","155,720","21,675","548,625","138,005","410,620","548,625","166,620","382,005","548,625","315,945","232,675","548,625","44,560","504,065","548,625","27,650","137,285","113,710","105,335","161,950","545,925","243,365","131,880","375,245","18,215","62,885","68,410","71,250","65,775","262,085","548,625","112,600","436,025","548,625","518,515","30,110","548,625","484,000","362,800","264,000","422,400","245,200","318,000","167,600","434,000","389,730","130,615","28,280","548,625"
2021,0370/3/Fredericton,"2,575","6,910","7,830","7,805","8,680","12,560","46,360","2,505","5,560","3,890","2,565","2,010","2,280","18,815","11,795","13,985","4,375",520,"13,180","2,505","46,360","13,180","17,885","6,925","5,660","2,710","46,360","41,600",640,"4,120","1,140","46,360","13,735","32,625","46,360","11,560","34,795","46,360","30,210","16,145","46,360","2,700","43,655","46,360","8,165","14,810","12,890","6,370","3,510","45,745","19,120","13,100","32,225","2,090","6,825","7,495","7,055","5,945","16,950","46,360","2,010","44,345","46,360","44,980","1,380","46,360","278,800","259,000","241,000","281,600","236,800","360,000","105,400","259,600","29,775","13,380","3,205","46,360"
2021,0460/3/Guelph,"2,265","9,510","11,630","11,845","12,755","16,165","64,175","2,210","7,720","5,955","3,720","2,865","3,045","25,510","19,640","16,785","6,200","1,545","16,435","3,570","64,175","16,435","21,335","10,250","10,250","5,900","64,175","46,545",790,"16,840","1,800","64,175","18,580","45,600","64,175","18,110","46,065","64,175","38,715","25,465","64,175","1,490","62,685","64,175","3,580","16,735","12,110","12,185","19,350","63,965","27,210","16,730","43,945","2,375","6,920","8,120","8,365","7,710","30,685","64,175","10,915","53,260","64,175","60,890","3,290","64,175","867,000","655,000","586,000","797,000","516,000","455,600","600,000","789,000","47,150","14,015","3,010","64,175"
2021,0580/3/Halifax,"9,190","33,885","34,235","34,295","38,945","50,585","201,140","8,825","27,995","17,980","10,740","9,375","9,450","84,370","48,460","57,245","19,395","2,755","59,555","13,720","201,140","59,555","75,240","30,835","24,210","11,295","201,140","171,725","6,580","22,830","5,980","201,140","56,250","144,885","201,140","48,230","152,910","201,140","127,990","73,145","201,140","11,140","190,000","201,140","21,315","54,135","54,425","40,715","29,995","200,590","74,705","42,965","117,675","10,530","28,140","31,225","28,765","25,490","76,995","201,140","12,645","188,495","201,140","192,200","8,935","201,140","418,000","302,000","377,600","468,800","350,000","412,800","137,200","396,000","132,275","55,680","13,185","201,140"
2021,0610/3/Hamilton,"5,620","39,460","52,420","56,555","63,565","89,765","307,385","5,355","31,180","26,085","16,190","12,860","13,985","105,655","93,270","76,890","35,090","7,260","83,290","11,595","307,385","83,290","100,280","48,875","47,255","27,685","307,385","207,960","4,865","94,555","7,650","307,385","101,315","206,065","307,385","84,400","222,985","307,385","182,260","125,125","307,385","8,890","298,490","307,385","20,080","88,960","59,245","50,960","87,565","306,815","126,655","83,620","210,270","13,355","38,395","41,740","39,460","35,455","138,980","307,385","44,570","262,810","307,385","290,775","16,605","307,385","897,000","669,000","659,000","768,000","540,000","508,400","638,000","826,000","217,175","72,105","18,100","307,385"
2021,0670/3/Kelowna,"3,585","12,550","14,780","14,760","18,995","29,665","94,335","3,455","10,575","8,980","6,590","7,305","8,290","45,200","21,160","31,115","7,735","1,825","26,810","5,690","94,335","26,810","37,685","12,595","10,970","6,270","94,335","77,320","1,465","15,550","1,345","94,335","33,040","61,295","94,335","20,665","73,675","94,335","55,940","38,395","94,335","7,205","87,130","94,335","14,395","20,635","16,115","15,585","27,055","93,790","38,215","28,080","66,300","4,040","13,055","13,830","13,520","11,530","38,355","94,335","22,105","72,230","94,335","91,155","3,180","94,335","922,000","716,000","554,000","899,000","428,000","643,000","241,600","775,000","72,745","17,875","3,715","94,335"
2021,0850/3/Kitchener%20-%20Cambridge%20-%20Waterloo,"7,940","35,945","40,890","40,960","41,455","51,875","219,060","7,615","29,495","20,740","12,960","9,265","9,320","89,400","69,020","56,080","22,630","5,140","54,330","11,860","219,060","54,330","72,170","35,690","35,155","21,710","219,060","145,400","7,460","66,200","8,545","219,060","59,910","159,150","219,060","64,680","154,380","219,060","124,505","94,555","219,060","5,545","213,520","219,060","16,915","55,180","44,920","44,695","56,820","218,525","88,870","52,210","141,085","8,885","24,905","30,050","29,235","26,550","99,430","219,060","30,375","188,685","219,060","205,975","13,085","219,060","793,000","569,500","556,000","704,000","498,400","425,600","436,000","731,000","161,260","47,920","9,880","219,060"
2021,0950/3/London,"7,960","33,790","37,525","37,845","43,255","61,865","222,240","7,615","27,320","19,905","13,130","10,825","12,565","91,350","59,885","57,910","24,240","3,310","65,275","11,620","222,240","65,275","76,405","32,890","29,505","18,165","222,240","161,725","6,560","53,950","6,160","222,240","68,075","154,165","222,240","57,710","164,530","222,240","134,075","88,165","222,240","7,550","214,690","222,240","20,865","68,315","56,020","37,580","38,120","220,905","83,215","54,635","137,850","11,745","32,330","35,640","32,175","27,420","82,930","222,240","30,395","191,845","222,240","210,605","11,635","222,240","624,500","416,000","455,200","525,500","420,800","369,600","285,000","586,000","161,270","49,040","11,930","222,240"
2021,1040/3/Moncton,"2,735","9,825","11,890","12,095","12,160","18,475","67,185","2,655","7,850","6,050","4,250","3,295","4,455","28,560","16,700","19,960","6,315",815,"19,375","4,025","67,185","19,375","25,700","10,255","8,290","3,565","67,185","60,095","1,825","5,270","2,025","67,185","20,340","46,840","67,185","16,780","50,405","67,185","43,060","24,125","67,185","2,435","64,745","67,185","8,915","24,345","20,200","8,820","4,825","67,110","28,940","15,875","44,815","3,100","11,010","11,810","10,405","8,775","22,085","67,185","3,620","63,560","67,185","65,080","2,100","67,185","254,800","225,000","197,200","236,000","238,400",**,"95,800","240,600","45,835","17,500","3,850","67,185"
2021,1060/3/Montréal,"57,185","277,420","343,800","336,365","350,645","470,300","1,835,705","54,425","229,230","187,075","118,010","86,535","90,190","765,465","480,870","429,815","195,525","17,940","631,040","80,515","1,835,705","631,040","585,225","258,115","234,590","126,735","1,835,705","1,252,635","72,000","511,065","58,475","1,835,705","522,845","1,312,865","1,835,705","476,235","1,359,475","1,835,705","872,835","962,865","1,835,705","29,645","1,806,065","1,835,705","208,095","686,370","432,330","269,340","238,495","1,834,620","650,550","346,655","997,205","100,710","307,230","302,610","257,060","215,570","652,530","1,835,705","342,525","1,493,175","1,835,705","1,730,305","105,400","1,835,705","511,200","496,800","505,200","569,500","450,400","500,400","369,200","500,400","1,233,370","479,485","122,850","1,835,705"
2021,1160/3/St.%20Catharines%20-%20Niagara,"3,755","20,075","25,335","29,500","38,565","61,990","179,225","3,500","15,525","12,465","9,445","10,430","11,840","63,210","44,950","51,675","20,335","3,500","51,465","7,290","179,225","51,465","65,495","26,765","22,150","13,350","179,225","137,155","2,415","39,650","2,560","179,225","68,610","110,615","179,225","41,770","137,455","179,225","109,555","69,670","179,225","7,425","171,800","179,225","17,565","61,075","41,165","29,350","29,280","178,440","71,880","55,400","127,280","8,250","27,920","30,210","26,590","22,780","63,480","179,225","12,825","166,400","179,225","172,470","6,750","179,225","642,000","473,200","542,500","529,500","470,000","395,600","446,000","616,000","127,875","41,310","10,040","179,225"
2021,1250/3/Oshawa,"1,775","18,225","29,420","30,515","31,540","37,580","149,050","1,585","14,420","15,355","9,490","7,040","6,645","54,525","53,210","34,510","19,320","5,325","31,330","5,350","149,050","31,330","45,425","27,075","27,700","17,515","149,050","105,885","1,050","42,105","3,410","149,050","44,405","104,645","149,050","50,770","98,275","149,050","87,680","61,370","149,050","5,285","143,765","149,050","6,780","35,425","25,590","25,175","55,800","148,770","75,410","36,015","111,425","4,590","14,295","17,975","18,425","17,520","76,240","149,050","11,070","137,975","149,050","141,815","7,230","149,050","835,000","596,000","628,000","732,000","546,000","504,000","550,000","788,000","107,300","34,890","6,855","149,050"
2021,1265/3/Ottawa,"15,260","68,015","80,175","84,685","90,850","114,595","453,575","14,520","56,345","43,645","27,625","20,850","20,340","183,320","132,155","119,570","44,865","7,105","126,460","23,430","453,575","126,460","153,810","68,935","66,215","38,160","453,575","319,280","10,550","123,750","15,030","453,575","130,500","323,075","453,575","124,105","329,475","453,575","276,210","177,370","453,575","18,525","435,050","453,575","25,385","116,505","93,150","92,485","124,940","452,470","179,600","117,455","297,050","18,680","44,350","50,225","54,665","52,765","232,895","453,575","67,705","385,870","453,575","430,525","23,055","453,575","738,000","591,500","504,800","710,000","475,600","424,000","315,500","654,000","316,555","112,700","24,325","453,575"
2021,1400/3/Québec,"14,490","58,790","67,415","60,845","74,225","112,185","387,955","14,075","48,950","33,060","20,375","18,585","22,745","157,785","85,070","111,260","31,225","1,270","145,805","13,325","387,955","145,805","138,220","44,770","41,555","17,600","387,955","355,550","7,005","25,400","4,910","387,955","120,040","267,915","387,955","87,305","300,650","387,955","171,790","216,165","387,955","9,690","378,265","387,955","60,145","152,085","92,870","51,845","30,465","387,415","143,465","82,210","225,675","16,085","63,160","67,760","56,255","46,560","138,140","387,955","60,280","327,675","387,955","381,060","6,895","387,955","353,600","276,800","283,600","322,000","260,400","366,000","215,200","329,600","281,565","87,870","18,520","387,955"
2021,1490/3/Regina,"3,865","16,350","20,820","16,810","18,370","23,995","100,210","3,700","12,435","10,060","5,710","3,800","4,150","39,860","28,315","25,575","10,705","1,515","29,165","4,935","100,210","29,165","33,630","14,835","13,975","8,610","100,210","80,385","2,090","17,735","4,425","100,210","26,170","74,045","100,210","29,695","70,515","100,210","59,360","40,855","100,210","11,275","88,935","100,210","5,875","31,055","24,190","18,990","19,710","99,820","43,125","25,185","68,310","3,575","12,435","14,010","13,580","12,095","44,520","100,210","14,380","85,830","100,210","94,520","5,690","100,210","395,200","311,600","307,600","325,000","263,600","231,200","109,200","376,400","66,560","26,405","7,250","100,210"
2021,1600/3/Saint%20John,"1,645","7,265","8,970","9,565","11,915","16,505","55,865","1,550","5,800","4,275","3,105","2,790","3,270","20,790","13,630","16,285","6,185",850,"16,545","2,375","55,865","16,545","20,915","8,455","6,535","3,425","55,865","51,430",690,"3,745",950,"55,865","18,280","37,585","55,865","14,035","41,830","55,865","36,170","19,695","55,865","1,930","53,930","55,865","9,550","22,515","13,460","6,360","3,930","55,820","23,030","15,620","38,650","2,735","9,605","9,715","7,995","6,780","19,035","55,865","2,060","53,805","55,865","54,275","1,595","55,865","250,000","204,400","194,200","204,000","222,400","192,000","87,200","236,200","34,770","16,725","4,365","55,865"
2021,1640/3/St.%20John's,"3,265","13,155","16,150","16,560","17,710","23,160","90,000","3,130","10,185","6,890","4,165","3,395","3,355","31,120","24,150","24,730","9,775","1,115","25,500","4,725","90,000","25,500","32,670","15,210","12,295","4,320","90,000","84,155","1,525","4,325","1,005","90,000","25,950","64,045","90,000","22,990","67,010","90,000","54,270","35,730","90,000","4,195","85,805","90,000","9,710","28,790","19,595","16,715","15,135","89,945","39,785","22,630","62,420","4,380","13,535","12,985","11,555","10,220","37,325","90,000","3,935","86,065","90,000","88,220","1,775","90,000","359,200","269,600","225,400","337,600","310,800","320,000","264,000","344,000","65,865","20,400","3,730","90,000"
2021,1700/3/Saskatoon,"5,800","22,230","25,690","20,580","22,295","28,505","125,105","5,550","16,865","12,765","7,050","5,440","5,750","53,420","36,565","32,750","12,205","1,860","34,470","7,245","125,105","34,470","42,490","18,635","17,905","11,605","125,105","101,960","1,985","21,155","5,225","125,105","31,315","93,785","125,105","37,505","87,595","125,105","74,385","50,715","125,105","16,160","108,940","125,105","7,910","35,335","28,585","24,960","27,545","124,340","55,275","29,460","84,735","5,165","16,005","17,405","17,310","15,020","54,195","125,105","24,565","100,535","125,105","119,065","6,035","125,105","434,800","349,200","290,000","411,600","256,800","327,000","142,800","402,800","89,530","30,275","5,295","125,105"
2021,1800/3/Sherbrooke,"6,090","15,815","16,515","15,765","19,595","30,875","104,650","5,920","12,980","8,640","5,930","5,965","7,770","47,210","21,095","29,695","9,105",345,"40,190","4,230","104,650","40,190","37,310","11,395","10,210","5,545","104,650","95,240","1,840","7,565","1,350","104,650","33,025","71,630","104,650","22,710","81,940","104,650","51,185","53,465","104,650","2,455","102,190","104,650","19,545","48,440","22,070","9,130","5,245","104,430","35,885","21,270","57,155","6,465","22,060","19,895","14,965","11,700","29,560","104,650","9,900","94,750","104,650","102,365","2,285","104,650","334,000","250,800","237,400","275,200","268,000","312,000","200,000","314,800","75,510","23,870","5,275","104,650"
2021,2000/3/Greater%20Sudbury%20%2F%20Grand%20Sudbury,"2,775","10,040","11,620","12,240","15,215","21,500","73,385","2,645","7,435","4,990","3,650","3,245","3,360","25,320","17,745","20,840","8,165","1,005","22,515","3,125","73,385","22,515","26,780","10,820","9,090","4,180","73,385","66,840","1,140","5,405",545,"73,385","23,525","49,860","73,385","17,625","55,760","73,385","48,480","24,905","73,385","10,660","62,725","73,385","7,715","24,965","18,455","12,080","10,015","73,230","28,025","19,560","47,580","3,600","10,205","11,005","10,010","8,330","30,235","73,385","1,380","72,010","73,385","71,330","2,060","73,385","388,400","299,600","269,000","332,000","350,000","360,000","165,000","377,600","47,395","20,760","5,235","73,385"
2021,2270/3/Toronto,"46,980","311,125","417,780","459,580","463,850","563,165","2,262,475","43,085","254,730","219,205","133,140","87,875","75,595","813,630","764,080","471,345","255,260","96,790","565,465","109,535","2,262,475","565,465","644,120","390,885","386,755","275,250","2,262,475","880,060","79,485","1,302,925","124,865","2,262,475","692,155","1,570,320","2,262,475","674,820","1,587,650","2,262,475","1,143,860","1,118,610","2,262,475","25,825","2,236,645","2,262,475","102,795","468,730","395,950","373,255","920,585","2,261,315","908,175","563,705","1,471,880","108,855","264,185","268,775","272,180","252,230","1,096,245","2,262,475","539,725","1,722,750","2,262,475","2,030,500","231,975","2,262,475","1,336,000","967,000","839,000","1,158,000","960,000","665,000","1,033,000","1,112,000","1,647,515","500,110","114,845","2,262,475"
2021,2320/3/Trois-Rivières,"3,485","10,315","11,775","10,700","15,710","24,650","76,635","3,360","8,210","5,430","3,725","4,125","5,460","30,300","14,065","22,050","6,835",335,"30,650","2,700","76,635","30,650","27,735","8,190","6,840","3,220","76,635","72,515","1,265","2,855",485,"76,635","26,535","50,095","76,635","15,200","61,430","76,635","35,040","41,595","76,635","1,900","74,735","76,635","19,410","35,710","14,165","4,740","2,330","76,355","25,785","17,865","43,655","4,990","16,715","15,270","10,725","8,405","20,520","76,635","7,565","69,065","76,635","75,505","1,130","76,635","236,200","194,200","182,400","203,200","219,800","160,000","161,000","227,200","55,130","17,150","4,355","76,635"
2021,2410/3/Vancouver,"30,925","161,980","189,725","196,810","202,025","261,860","1,043,320","28,660","135,815","112,975","71,895","52,600","47,430","449,375","295,095","251,785","94,620","39,770","302,895","59,155","1,043,320","302,895","332,065","164,075","146,350","97,930","1,043,320","496,265","47,350","499,705","54,205","1,043,320","314,245","729,075","1,043,320","267,775","775,545","1,043,320","547,165","496,150","1,043,320","35,180","1,008,140","1,043,320","83,640","230,935","185,520","173,275","368,055","1,041,425","382,785","263,980","646,770","59,895","135,830","135,375","130,095","115,715","466,405","1,043,320","339,250","704,070","1,043,320","958,585","84,730","1,043,320","1,762,000","1,219,000","809,000","1,664,000","729,000","863,000","482,800","1,302,000","781,950","206,180","55,185","1,043,320"
2021,2440/3/Victoria,"6,500","24,530","28,310","27,880","33,020","56,530","176,770","6,235","20,420","16,600","10,940","10,000","12,785","76,980","36,555","52,550","14,145","3,255","59,610","10,645","176,770","59,610","65,880","22,980","18,615","9,690","176,770","136,160","2,875","37,740","3,300","176,770","62,505","114,265","176,770","35,995","140,770","176,770","111,555","65,215","176,770","10,890","165,875","176,770","18,445","42,645","36,825","29,345","48,840","176,105","61,665","47,480","109,140","8,130","23,820","26,135","24,815","21,260","72,615","176,770","35,845","140,920","176,770","169,460","7,315","176,770","1,101,000","811,000","676,000","1,049,000","540,500","694,000","337,600","938,000","128,315","39,280","9,180","176,770"
2021,2640/3/Windsor,"3,470","19,675","25,500","31,045","36,190","49,800","165,675","3,195","15,070","12,180","9,450","8,225","7,925","56,045","47,735","42,660","19,465","3,265","46,485","6,065","165,675","46,485","55,120","24,645","23,110","16,320","165,675","118,390","2,755","44,525","4,225","165,675","55,320","110,355","165,675","43,865","121,810","165,675","95,825","69,850","165,675","6,865","158,810","165,675","21,140","58,225","38,475","24,660","22,230","164,730","68,150","50,975","119,125","7,805","22,760","26,480","23,435","20,695","64,500","165,675","11,095","154,580","165,675","157,195","8,480","165,675","496,000","409,200","396,400","363,200","350,400","318,800","186,800","479,200","119,605","36,055","10,020","165,675"
2021,2680/3/Winnipeg,"12,000","49,640","61,475","57,970","63,450","85,785","330,325","11,350","39,865","31,530","18,255","13,240","14,730","128,975","95,395","81,120","33,950","6,575","95,535","17,745","330,325","95,535","107,340","50,325","46,565","30,565","330,325","233,585","10,060","86,685","14,140","330,325","95,645","234,685","330,325","90,745","239,580","330,325","196,370","133,955","330,325","48,680","281,645","330,325","41,445","89,955","91,405","60,145","46,725","329,680","138,095","78,270","216,370","16,365","45,695","50,095","47,000","41,280","129,885","330,325","31,940","298,390","330,325","305,465","24,860","330,325","394,800","310,400","285,600","332,400","249,200","273,200","189,000","376,800","227,880","81,310","21,140","330,325"
2021,3300/3/Charlottetown,"1,770","4,655","5,370","5,560","6,260","9,335","32,945","1,710","3,680","2,720","2,090","1,895","2,210","14,305","8,600","9,110","3,070",405,"9,560","2,195","32,945","9,560","11,900","5,070","4,185","2,225","32,945","28,090","1,440","3,415","1,310","32,945","10,220","22,720","32,945","8,285","24,660","32,945","20,035","12,905","32,945",915,"32,030","32,945","4,325","10,870","8,700","5,535","3,215","32,640","12,230","7,965","20,200","1,560","5,320","5,460","4,900","4,055","11,655","32,945","1,335","31,605","32,945","31,750","1,190","32,945","380,000","339,000","352,000","404,000","372,000",**,"151,600","368,000","22,420","8,585","1,940","32,945"
